geoid,state,county,coal2001,coal2002,coal2003,coal2004,coal2005,coal2006,coal2007,coal2008,coal2009,coal2010,coal2011,coal2012,coal2013,coal2014,coal2015,coal2016,coal2017,coal2018,coal2019,coal2020,coal2021,coal2022,coal2023,coal2024,surface2001,surface2002,surface2003,surface2004,surface2005,surface2006,surface2007,surface2008,surface2009,surface2010,surface2011,surface2012,surface2013,surface2014,surface2015,surface2016,surface2017,surface2018,surface2019,surface2020,surface2021,surface2022,surface2023,surface2024,underground2001,underground2002,underground2003,underground2004,underground2005,underground2006,underground2007,underground2008,underground2009,underground2010,underground2011,underground2012,underground2013,underground2014,underground2015,underground2016,underground2017,underground2018,underground2019,underground2020,underground2021,underground2022,underground2023,underground2024
01007,AL,Bibb,82906.0,10572.0,0.0,1904.0,105271.0,53466.0,34834.0,105082.0,0.0,127667.0,174558.0,119266.0,56004.0,71758.0,62598.0,37786.0,88362.0,113221.0,0.0,0.0,0.0,0.0,0.0,34001.0,82906.0,10572.0,0.0,0.0,57800.0,18519.0,32670.0,105082.0,0.0,127667.0,174558.0,119266.0,56004.0,71758.0,62598.0,37786.0,88362.0,113221.0,0.0,0.0,0.0,0.0,0.0,34001.0,0.0,0.0,0.0,0.0,0.0,0.0,0.0,0.0,0.0,0.0,0.0,0.0,0.0,0.0,0.0,0.0,0.0,0.0,0.0,0.0,0.0,0.0,0.0,0.0
01009,AL,Blount,0.0,0.0,0.0,0.0,0.0,0.0,0.0,0.0,0.0,148994.0,287985.0,236292.0,28807.0,0.0,0.0,0.0,0.0,0.0,0.0,0.0,0.0,0.0,0.0,0.0,0.0,0.0,0.0,0.0,0.0,0.0,0.0,0.0,0.0,148994.0,287985.0,236292.0,28807.0,0.0,0.0,0.0,0.0,0.0,0.0,0.0,0.0,0.0,0.0,0.0,0.0,0.0,0.0,0.0,0.0,0.0,0.0,0.0,0.0,0.0,0.0,0.0,0.0,0.0,0.0,0.0,0.0,0.0,0.0,0.0,0.0,0.0,0.0,0.0
01043,AL,Cullman,0.0,0.0,177381.0,473982.0,760060.0,633860.0,502596.0,153627.0,121860.0,69035.0,0.0,0.0,0.0,0.0,0.0,0.0,0.0,0.0,0.0,0.0,0.0,0.0,0.0,0.0,0.0,0.0,177381.0,473982.0,760060.0,633860.0,502596.0,153627.0,121860.0,69035.0,0.0,0.0,0.0,0.0,0.0,0.0,0.0,0.0,0.0,0.0,0.0,0.0,0.0,0.0,0.0,0.0,0.0,0.0,0.0,0.0,0.0,0.0,0.0,0.0,0.0,0.0,0.0,0.0,0.0,0.0,0.0,0.0,0.0,0.0,0.0,0.0,0.0,0.0
01049,AL,De Kalb,0.0,0.0,0.0,0.0,0.0,0.0,0.0,0.0,0.0,0.0,0.0,0.0,0.0,0.0,0.0,0.0,0.0,0.0,2913.0,17865.0,6487.0,13660.0,8477.0,0.0,0.0,0.0,0.0,0.0,0.0,0.0,0.0,0.0,0.0,0.0,0.0,0.0,0.0,0.0,0.0,0.0,0.0,0.0,2913.0,17865.0,6487.0,13660.0,8477.0,0.0,0.0,0.0,0.0,0.0,0.0,0.0,0.0,0.0,0.0,0.0,0.0,0.0,0.0,0.0,0.0,0.0,0.0,0.0,0.0,0.0,0.0,0.0,0.0,0.0
01057,AL,Fayette,0.0,9725.0,0.0,0.0,0.0,0.0,0.0,2923261.0,2706161.0,3037170.0,2707383.0,2249233.0,1440115.0,0.0,0.0,0.0,0.0,0.0,0.0,0.0,0.0,0.0,0.0,0.0,0.0,9725.0,0.0,0.0,0.0,0.0,0.0,0.0,0.0,0.0,0.0,0.0,0.0,0.0,0.0,0.0,0.0,0.0,0.0,0.0,0.0,0.0,0.0,0.0,0.0,0.0,0.0,0.0,0.0,0.0,0.0,2923261.0,2706161.0,3037170.0,2707383.0,2249233.0,1440115.0,0.0,0.0,0.0,0.0,0.0,0.0,0.0,0.0,0.0,0.0,0.0
01059,AL,Franklin,0.0,0.0,46049.0,68020.0,84268.0,189984.0,152591.0,297012.0,158143.0,109530.0,197912.0,137106.0,235086.0,140688.0,146955.0,65373.0,7063.0,0.0,0.0,0.0,0.0,0.0,0.0,0.0,0.0,0.0,46049.0,68020.0,84268.0,189984.0,152591.0,297012.0,158143.0,109530.0,197912.0,137106.0,235086.0,140688.0,146955.0,65373.0,7063.0,0.0,0.0,0.0,0.0,0.0,0.0,0.0,0.0,0.0,0.0,0.0,0.0,0.0,0.0,0.0,0.0,0.0,0.0,0.0,0.0,0.0,0.0,0.0,0.0,0.0,0.0,0.0,0.0,0.0,0.0,0.0
01071,AL,Jackson,1200.0,0.0,55687.0,83685.0,106642.0,161372.0,247227.0,330866.0,184517.0,33623.0,28581.0,152348.0,69339.0,0.0,3939.0,0.0,0.0,0.0,0.0,0.0,0.0,0.0,0.0,0.0,0.0,0.0,55187.0,83685.0,100049.0,155464.0,247227.0,330866.0,184517.0,33623.0,28581.0,152348.0,69339.0,0.0,3939.0,0.0,0.0,0.0,0.0,0.0,0.0,0.0,0.0,0.0,1200.0,0.0,500.0,0.0,6593.0,5908.0,0.0,0.0,0.0,0.0,0.0,0.0,0.0,0.0,0.0,0.0,0.0,0.0,0.0,0.0,0.0,0.0,0.0,0.0
01073,AL,Jefferson,6724772.0,6540821.0,6395075.0,7093188.0,6021476.0,3703751.0,3593931.0,4401675.0,3658484.0,3644191.0,3490239.0,4694784.0,4800838.0,5469008.0,6570101.0,5680418.0,7432957.0,8528121.0,8899792.0,8299791.0,7713975.0,7464138.0,8230255.0,8424589.0,692443.0,591047.0,685444.0,1675235.0,1992581.0,1470291.0,1232408.0,1311024.0,1172129.0,1038224.0,1100738.0,1105505.0,952976.0,1154368.0,1355791.0,951481.0,967140.0,1241331.0,1087227.0,823700.0,803092.0,794249.0,398544.0,246756.0,5954232.0,5949774.0,5709631.0,5417953.0,4028895.0,2233460.0,2361523.0,3090651.0,2486355.0,2605967.0,2338695.0,3589279.0,3847862.0,4314640.0,5214310.0,4728937.0,6465817.0,7286790.0,7812565.0,7476091.0,6910883.0,6669889.0,7831711.0,8177833.0
01093,AL,Marion,70085.0,51678.0,36504.0,55552.0,156719.0,177615.0,60255.0,49581.0,198430.0,79174.0,119240.0,104852.0,0.0,0.0,0.0,0.0,0.0,15618.0,77299.0,0.0,0.0,0.0,0.0,0.0,70085.0,51678.0,36504.0,55552.0,156719.0,177615.0,60255.0,49581.0,198430.0,79174.0,119240.0,104852.0,0.0,0.0,0.0,0.0,0.0,15618.0,77299.0,0.0,0.0,0.0,0.0,0.0,0.0,0.0,0.0,0.0,0.0,0.0,0.0,0.0,0.0,0.0,0.0,0.0,0.0,0.0,0.0,0.0,0.0,0.0,0.0,0.0,0.0,0.0,0.0,0.0
01111,AL,Randolph,0.0,0.0,0.0,0.0,0.0,0.0,0.0,0.0,0.0,0.0,0.0,0.0,0.0,0.0,0.0,0.0,0.0,0.0,0.0,0.0,11600.0,0.0,0.0,0.0,0.0,0.0,0.0,0.0,0.0,0.0,0.0,0.0,0.0,0.0,0.0,0.0,0.0,0.0,0.0,0.0,0.0,0.0,0.0,0.0,11600.0,0.0,0.0,0.0,0.0,0.0,0.0,0.0,0.0,0.0,0.0,0.0,0.0,0.0,0.0,0.0,0.0,0.0,0.0,0.0,0.0,0.0,0.0,0.0,0.0,0.0,0.0,0.0
01117,AL,Shelby,44230.0,29777.0,40086.0,101120.0,102483.0,194835.0,412829.0,538748.0,514368.0,323000.0,323088.0,20294.0,182391.0,286407.0,276798.0,122881.0,127264.0,137656.0,13360.0,3114.0,0.0,0.0,700.0,1457.0,0.0,0.0,40086.0,101120.0,102483.0,113202.0,317493.0,451620.0,388407.0,238845.0,256824.0,0.0,59664.0,121878.0,138397.0,118870.0,123353.0,126565.0,10990.0,3114.0,0.0,0.0,700.0,1457.0,44230.0,29777.0,0.0,0.0,0.0,81633.0,95336.0,87128.0,125961.0,84155.0,66264.0,20294.0,122727.0,164529.0,138401.0,4011.0,3911.0,11091.0,2370.0,0.0,0.0,0.0,0.0,0.0
01125,AL,Tuscaloosa,10076055.0,9789099.0,10633179.0,11726379.0,10645391.0,10064595.0,10812703.0,8371577.0,7918963.0,9108745.0,8543138.0,8761555.0,8950409.0,8312816.0,2518567.0,449921.0,2081233.0,2326145.0,2484588.0,2356537.0,1120991.0,1975764.0,3041322.0,3575555.0,1013742.0,896214.0,1070227.0,1123965.0,1413574.0,1592728.0,1778305.0,1825547.0,1490994.0,1960528.0,2554859.0,1968155.0,922469.0,366156.0,102011.0,106150.0,231846.0,188335.0,263346.0,200442.0,310108.0,416752.0,502278.0,505491.0,9062313.0,8892885.0,9562952.0,10602414.0,9167712.0,8314757.0,8902975.0,6039391.0,6084832.0,6667752.0,5733052.0,6667649.0,8027940.0,7946660.0,2416556.0,343771.0,1849387.0,2137810.0,2221242.0,2156095.0,810883.0,1559012.0,2539044.0,3070064.0
01127,AL,Walker,2190891.0,2353874.0,2732099.0,2620625.0,3158498.0,3483250.0,2966932.0,3370084.0,3281782.0,3028910.0,2811462.0,2351834.0,2391495.0,1663971.0,3321332.0,3244036.0,3097124.0,3662356.0,2646237.0,1474089.0,485414.0,954018.0,762557.0,2346763.0,2010709.0,2180199.0,2540464.0,2470644.0,3064525.0,3381531.0,2803872.0,3190021.0,3148314.0,2910447.0,2774223.0,2300986.0,2306854.0,1559421.0,1191562.0,886746.0,925482.0,898642.0,702389.0,655559.0,248268.0,61923.0,3353.0,123405.0,109529.0,43450.0,102281.0,93856.0,91716.0,101719.0,102152.0,140604.0,101427.0,118348.0,33313.0,43144.0,76241.0,90378.0,2128060.0,2357290.0,2171642.0,2763714.0,1943848.0,818530.0,237146.0,892095.0,759204.0,2223358.0
01133,AL,Winston,322462.0,275972.0,90849.0,104186.0,311707.0,359191.0,737900.0,615964.0,428660.0,685481.0,697423.0,627030.0,473933.0,432469.0,292252.0,42559.0,26655.0,0.0,0.0,0.0,0.0,0.0,0.0,0.0,322462.0,275972.0,90849.0,104186.0,311707.0,359191.0,737900.0,615964.0,428660.0,685481.0,697423.0,627030.0,473933.0,432469.0,292252.0,42559.0,26655.0,0.0,0.0,0.0,0.0,0.0,0.0,0.0,0.0,0.0,0.0,0.0,0.0,0.0,0.0,0.0,0.0,0.0,0.0,0.0,0.0,0.0,0.0,0.0,0.0,0.0,0.0,0.0,0.0,0.0,0.0,0.0
04017,AZ,Navajo,13417524.0,12804057.0,12059094.0,12730829.0,12071576.0,8216255.0,7982584.0,8024973.0,7474029.0,7752277.0,8110942.0,7493276.0,7602722.0,8050607.0,6804555.0,5422850.0,6221392.0,6550417.0,3842508.0,0.0,0.0,0.0,0.0,0.0,13417524.0,12804057.0,12059094.0,12730829.0,12071576.0,8216255.0,7982584.0,8024973.0,7474029.0,7752277.0,8110942.0,7493276.0,7602722.0,8050607.0,6804555.0,5422850.0,6221392.0,6550417.0,3842508.0,0.0,0.0,0.0,0.0,0.0,0.0,0.0,0.0,0.0,0.0,0.0,0.0,0.0,0.0,0.0,0.0,0.0,0.0,0.0,0.0,0.0,0.0,0.0,0.0,0.0,0.0,0.0,0.0,0.0
05071,AR,Johnson,3719.0,499.0,0.0,0.0,0.0,0.0,0.0,0.0,0.0,0.0,0.0,0.0,0.0,0.0,0.0,0.0,0.0,0.0,0.0,0.0,0.0,0.0,0.0,0.0,3719.0,499.0,0.0,0.0,0.0,0.0,0.0,0.0,0.0,0.0,0.0,0.0,0.0,0.0,0.0,0.0,0.0,0.0,0.0,0.0,0.0,0.0,0.0,0.0,0.0,0.0,0.0,0.0,0.0,0.0,0.0,0.0,0.0,0.0,0.0,0.0,0.0,0.0,0.0,0.0,0.0,0.0,0.0,0.0,0.0,0.0,0.0,0.0
05127,AR,Scott,0.0,0.0,0.0,0.0,0.0,0.0,0.0,0.0,0.0,0.0,0.0,0.0,0.0,0.0,0.0,0.0,0.0,0.0,0.0,0.0,0.0,0.0,0.0,0.0,0.0,0.0,0.0,0.0,0.0,0.0,0.0,0.0,0.0,0.0,0.0,0.0,0.0,0.0,0.0,0.0,0.0,0.0,0.0,0.0,0.0,0.0,0.0,0.0,0.0,0.0,0.0,0.0,0.0,0.0,0.0,0.0,0.0,0.0,0.0,0.0,0.0,0.0,0.0,0.0,0.0,0.0,0.0,0.0,0.0,0.0,0.0,0.0
05131,AR,Sebastian,13678.0,13284.0,7564.0,7328.0,2563.0,22752.0,82677.0,69181.0,4638.0,32301.0,133347.0,98121.0,58578.0,93989.0,91462.0,49415.0,42738.0,0.0,0.0,0.0,0.0,0.0,0.0,0.0,9643.0,12390.0,6564.0,6384.0,2563.0,5187.0,2397.0,1789.0,658.0,1157.0,6719.0,1921.0,3973.0,7001.0,190.0,12634.0,18845.0,0.0,0.0,0.0,0.0,0.0,0.0,0.0,1000.0,894.0,1000.0,944.0,0.0,17565.0,80280.0,67392.0,3980.0,31144.0,126628.0,96200.0,54605.0,86988.0,91272.0,36781.0,23893.0,0.0,0.0,0.0,0.0,0.0,0.0,0.0
08001,CO,Adams,0.0,0.0,0.0,0.0,0.0,0.0,0.0,21090.0,0.0,0.0,0.0,0.0,0.0,0.0,0.0,0.0,0.0,0.0,0.0,0.0,0.0,0.0,0.0,0.0,0.0,0.0,0.0,0.0,0.0,0.0,0.0,21090.0,0.0,0.0,0.0,0.0,0.0,0.0,0.0,0.0,0.0,0.0,0.0,0.0,0.0,0.0,0.0,0.0,0.0,0.0,0.0,0.0,0.0,0.0,0.0,0.0,0.0,0.0,0.0,0.0,0.0,0.0,0.0,0.0,0.0,0.0,0.0,0.0,0.0,0.0,0.0,0.0
08029,CO,Delta,5388989.0,5396329.0,4943355.0,4696075.0,4070766.0,4420073.0,5480569.0,2861938.0,1212977.0,1325208.0,2235055.0,3430291.0,3320696.0,2407598.0,1023031.0,66684.0,0.0,0.0,0.0,0.0,0.0,0.0,0.0,0.0,0.0,0.0,0.0,0.0,0.0,0.0,0.0,0.0,0.0,0.0,0.0,0.0,0.0,0.0,0.0,0.0,0.0,0.0,0.0,0.0,0.0,0.0,0.0,0.0,5388989.0,5396329.0,4943355.0,4696075.0,4070766.0,4420073.0,5480569.0,2861938.0,1212977.0,1325208.0,2235055.0,3430291.0,3320696.0,2407598.0,1023031.0,66684.0,0.0,0.0,0.0,0.0,0.0,0.0,0.0,0.0
08043,CO,Fremont,562.0,0.0,0.0,0.0,0.0,0.0,0.0,0.0,0.0,0.0,0.0,0.0,0.0,0.0,0.0,0.0,0.0,0.0,0.0,0.0,0.0,0.0,0.0,0.0,0.0,0.0,0.0,0.0,0.0,0.0,0.0,0.0,0.0,0.0,0.0,0.0,0.0,0.0,0.0,0.0,0.0,0.0,0.0,0.0,0.0,0.0,0.0,0.0,562.0,0.0,0.0,0.0,0.0,0.0,0.0,0.0,0.0,0.0,0.0,0.0,0.0,0.0,0.0,0.0,0.0,0.0,0.0,0.0,0.0,0.0,0.0,0.0
08045,CO,Garfield,323007.0,327243.0,287183.0,300761.0,260891.0,262634.0,247120.0,283150.0,259476.0,199650.0,0.0,0.0,0.0,0.0,0.0,0.0,0.0,0.0,0.0,0.0,0.0,0.0,0.0,0.0,0.0,0.0,0.0,0.0,0.0,0.0,0.0,0.0,0.0,0.0,0.0,0.0,0.0,0.0,0.0,0.0,0.0,0.0,0.0,0.0,0.0,0.0,0.0,0.0,323007.0,327243.0,287183.0,300761.0,260891.0,262634.0,247120.0,283150.0,259476.0,199650.0,0.0,0.0,0.0,0.0,0.0,0.0,0.0,0.0,0.0,0.0,0.0,0.0,0.0,0.0
08051,CO,Gunnison,7832976.0,9633884.0,11581494.0,13044397.0,12122216.0,11140009.0,11697763.0,10761422.0,10178219.0,8587769.0,8904235.0,9810150.0,6263179.0,6192656.0,5074821.0,4156405.0,4821281.0,4674833.0,4079345.0,2538091.0,3272864.0,4355703.0,3130767.0,3705019.0,0.0,0.0,0.0,0.0,0.0,0.0,0.0,0.0,0.0,0.0,0.0,0.0,0.0,0.0,0.0,0.0,0.0,0.0,0.0,0.0,0.0,0.0,0.0,0.0,7832976.0,9633884.0,11581494.0,13044397.0,12122216.0,11140009.0,11697763.0,10761422.0,10178219.0,8587769.0,8904235.0,9810150.0,6263179.0,6192656.0,5074821.0,4156405.0,4821281.0,4674833.0,4079345.0,2538091.0,3272864.0,4355703.0,3130767.0,3705019.0
08067,CO,La Plata,268755.0,312345.0,393945.0,458605.0,465877.0,488327.0,470099.0,391918.0,507296.0,521839.0,618132.0,639003.0,734993.0,970780.0,814544.0,632605.0,546616.0,615947.0,657782.0,592669.0,466410.0,468530.0,643143.0,582342.0,0.0,0.0,0.0,0.0,0.0,0.0,0.0,0.0,0.0,0.0,0.0,0.0,0.0,0.0,0.0,0.0,0.0,0.0,0.0,0.0,0.0,0.0,0.0,0.0,268755.0,312345.0,393945.0,458605.0,465877.0,488327.0,470099.0,391918.0,507296.0,521839.0,618132.0,639003.0,734993.0,970780.0,814544.0,632605.0,546616.0,615947.0,657782.0,592669.0,466410.0,468530.0,643143.0,582342.0
08071,CO,Las Animas,13097.0,204249.0,0.0,0.0,0.0,0.0,0.0,0.0,0.0,0.0,17701.0,69320.0,0.0,9935.0,0.0,0.0,0.0,0.0,0.0,0.0,110432.0,229531.0,63625.0,0.0,13097.0,204249.0,0.0,0.0,0.0,0.0,0.0,0.0,0.0,0.0,0.0,0.0,0.0,0.0,0.0,0.0,0.0,0.0,0.0,0.0,0.0,0.0,0.0,0.0,0.0,0.0,0.0,0.0,0.0,0.0,0.0,0.0,0.0,0.0,17701.0,69320.0,0.0,9935.0,0.0,0.0,0.0,0.0,0.0,0.0,110432.0,229531.0,63625.0,0.0
08077,CO,Mesa,0.0,0.0,0.0,0.0,0.0,0.0,0.0,0.0,0.0,0.0,0.0,0.0,0.0,0.0,0.0,0.0,0.0,0.0,0.0,0.0,0.0,0.0,0.0,0.0,0.0,0.0,0.0,0.0,0.0,0.0,0.0,0.0,0.0,0.0,0.0,0.0,0.0,0.0,0.0,0.0,0.0,0.0,0.0,0.0,0.0,0.0,0.0,0.0,0.0,0.0,0.0,0.0,0.0,0.0,0.0,0.0,0.0,0.0,0.0,0.0,0.0,0.0,0.0,0.0,0.0,0.0,0.0,0.0,0.0,0.0,0.0,0.0
08081,CO,Moffat,7709905.0,7387991.0,6843376.0,8355212.0,8503773.0,9199855.0,8368352.0,7234815.0,5694014.0,4784796.0,5022010.0,4566599.0,4253751.0,4425492.0,4441232.0,3660936.0,3895622.0,3611357.0,3552249.0,3847604.0,4744787.0,4414793.0,4927732.0,5200895.0,7709905.0,7387991.0,6843376.0,8355212.0,8503773.0,9199855.0,8368352.0,7234815.0,5694014.0,4784796.0,5022010.0,4566599.0,4253751.0,4425492.0,4441232.0,3660936.0,3895622.0,3611357.0,3552249.0,3847604.0,4744787.0,4414793.0,4927732.0,5200895.0,0.0,0.0,0.0,0.0,0.0,0.0,0.0,0.0,0.0,0.0,0.0,0.0,0.0,0.0,0.0,0.0,0.0,0.0,0.0,0.0,0.0,0.0,0.0,0.0
08085,CO,Montrose,370725.0,386366.0,352859.0,413333.0,420730.0,405640.0,405864.0,402942.0,373758.0,293045.0,360009.0,353398.0,216486.0,283654.0,238093.0,187983.0,33299.0,0.0,0.0,0.0,0.0,0.0,0.0,0.0,370725.0,386366.0,352859.0,413333.0,420730.0,405640.0,405864.0,402942.0,373758.0,293045.0,360009.0,353398.0,216486.0,283654.0,238093.0,187983.0,33299.0,0.0,0.0,0.0,0.0,0.0,0.0,0.0,0.0,0.0,0.0,0.0,0.0,0.0,0.0,0.0,0.0,0.0,0.0,0.0,0.0,0.0,0.0,0.0,0.0,0.0,0.0,0.0,0.0,0.0,0.0,0.0
08103,CO,Rio Blanco,2027341.0,2088876.0,1942772.0,2550883.0,2149481.0,1712553.0,1424019.0,2067009.0,2214388.0,1723215.0,1983581.0,1673461.0,2211554.0,3057888.0,3164746.0,1335131.0,1906894.0,2073860.0,2034835.0,1885034.0,1541218.0,1788198.0,2404865.0,1907363.0,0.0,0.0,0.0,0.0,0.0,0.0,0.0,0.0,0.0,0.0,0.0,0.0,350060.0,1175264.0,1058481.0,0.0,0.0,0.0,0.0,0.0,0.0,0.0,0.0,0.0,2027341.0,2088876.0,1942772.0,2550883.0,2149481.0,1712553.0,1424019.0,2067009.0,2214388.0,1723215.0,1983581.0,1673461.0,1861494.0,1882624.0,2106265.0,1335131.0,1906894.0,2073860.0,2034835.0,1885034.0,1541218.0,1788198.0,2404865.0,1907363.0
08107,CO,Routt,9436348.0,9365777.0,9486201.0,10050831.0,10516236.0,8692692.0,8290117.0,8004176.0,7827079.0,7727004.0,7748909.0,8023872.0,7235627.0,6659492.0,4122448.0,2594392.0,3842798.0,3049511.0,2543911.0,1192936.0,1739081.0,1536148.0,1201063.0,995706.0,1731303.0,1792339.0,1457481.0,1493090.0,1146267.0,57131.0,0.0,0.0,0.0,0.0,0.0,0.0,0.0,0.0,0.0,0.0,0.0,0.0,0.0,0.0,0.0,0.0,0.0,0.0,7705045.0,7573438.0,8028720.0,8557741.0,9369969.0,8635561.0,8290117.0,8004176.0,7827079.0,7727004.0,7748909.0,8023872.0,7235627.0,6659492.0,4122448.0,2594392.0,3842798.0,3049511.0,2543911.0,1192936.0,1739081.0,1536148.0,1201063.0,995706.0
17021,IL,Christian,0.0,0.0,0.0,0.0,0.0,0.0,0.0,0.0,0.0,0.0,0.0,0.0,0.0,0.0,0.0,0.0,0.0,0.0,0.0,0.0,0.0,0.0,0.0,0.0,0.0,0.0,0.0,0.0,0.0,0.0,0.0,0.0,0.0,0.0,0.0,0.0,0.0,0.0,0.0,0.0,0.0,0.0,0.0,0.0,0.0,0.0,0.0,0.0,0.0,0.0,0.0,0.0,0.0,0.0,0.0,0.0,0.0,0.0,0.0,0.0,0.0,0.0,0.0,0.0,0.0,0.0,0.0,0.0,0.0,0.0,0.0,0.0
17055,IL,Franklin,0.0,44064.0,119605.0,58542.0,0.0,0.0,106350.0,95038.0,272748.0,547766.0,1036776.0,4772679.0,6578732.0,9153556.0,10643235.0,11445676.0,12812197.0,14460951.0,12793896.0,7196444.0,7860150.0,5644606.0,5919272.0,6358101.0,0.0,0.0,0.0,0.0,0.0,0.0,0.0,0.0,0.0,0.0,0.0,0.0,0.0,0.0,0.0,0.0,0.0,0.0,0.0,0.0,0.0,0.0,0.0,0.0,0.0,0.0,0.0,0.0,0.0,0.0,0.0,0.0,0.0,324493.0,892612.0,4690260.0,6493536.0,9097628.0,10587790.0,11443835.0,12812197.0,14460951.0,12793896.0,7196444.0,7860150.0,5578465.0,5791526.0,6216015.0
17057,IL,Fulton,0.0,0.0,0.0,0.0,0.0,0.0,0.0,0.0,0.0,0.0,0.0,0.0,0.0,0.0,0.0,0.0,0.0,0.0,0.0,0.0,0.0,0.0,0.0,0.0,0.0,0.0,0.0,0.0,0.0,0.0,0.0,0.0,0.0,0.0,0.0,0.0,0.0,0.0,0.0,0.0,0.0,0.0,0.0,0.0,0.0,0.0,0.0,0.0,0.0,0.0,0.0,0.0,0.0,0.0,0.0,0.0,0.0,0.0,0.0,0.0,0.0,0.0,0.0,0.0,0.0,0.0,0.0,0.0,0.0,0.0,0.0,0.0
17059,IL,Gallatin,4881057.0,4074750.0,3079587.0,2747474.0,2702473.0,2045743.0,2069814.0,2321715.0,2390196.0,2245750.0,1950069.0,1997441.0,2016232.0,1919376.0,1101321.0,235436.0,372608.0,407823.0,119407.0,0.0,0.0,0.0,0.0,0.0,3564960.0,3884398.0,3079587.0,2747474.0,2702473.0,2045743.0,2069814.0,2321715.0,2390196.0,2245750.0,1950069.0,1997441.0,2016232.0,1919376.0,1101321.0,235436.0,372608.0,407823.0,119407.0,0.0,0.0,0.0,0.0,0.0,1316097.0,190352.0,0.0,0.0,0.0,0.0,0.0,0.0,0.0,0.0,0.0,0.0,0.0,0.0,0.0,0.0,0.0,0.0,0.0,0.0,0.0,0.0,0.0,0.0
17065,IL,Hamilton,0.0,0.0,0.0,0.0,0.0,0.0,0.0,0.0,0.0,0.0,0.0,0.0,185566.0,1736928.0,5815950.0,3017507.0,6129347.0,6298997.0,5889105.0,2623205.0,4938788.0,4693251.0,5624399.0,4773185.0,0.0,0.0,0.0,0.0,0.0,0.0,0.0,0.0,0.0,0.0,0.0,0.0,0.0,0.0,0.0,0.0,0.0,0.0,0.0,0.0,0.0,0.0,0.0,0.0,0.0,0.0,0.0,0.0,0.0,0.0,0.0,0.0,0.0,0.0,0.0,0.0,185566.0,1736928.0,5815950.0,3017507.0,6129347.0,6298997.0,5889105.0,2623205.0,4938788.0,4693251.0,5624399.0,4773185.0
17077,IL,Jackson,1203936.0,1296266.0,1400623.0,1442163.0,1842856.0,1811214.0,1598398.0,1582373.0,1211307.0,650211.0,381479.0,91585.0,35522.0,15450.0,23204.0,2706.0,0.0,0.0,0.0,0.0,0.0,0.0,0.0,0.0,1203936.0,1296266.0,1400623.0,1442163.0,1842856.0,1811214.0,1578957.0,1386620.0,844534.0,650211.0,381479.0,91585.0,35522.0,15450.0,23204.0,2706.0,0.0,0.0,0.0,0.0,0.0,0.0,0.0,0.0,0.0,0.0,0.0,0.0,0.0,0.0,19441.0,195753.0,366773.0,0.0,0.0,0.0,0.0,0.0,0.0,0.0,0.0,0.0,0.0,0.0,0.0,0.0,0.0,0.0
17081,IL,Jefferson,1951480.0,1670050.0,0.0,0.0,0.0,0.0,0.0,0.0,0.0,0.0,0.0,0.0,0.0,0.0,0.0,0.0,0.0,0.0,0.0,0.0,0.0,0.0,0.0,0.0,0.0,0.0,0.0,0.0,0.0,0.0,0.0,0.0,0.0,0.0,0.0,0.0,0.0,0.0,0.0,0.0,0.0,0.0,0.0,0.0,0.0,0.0,0.0,0.0,1951480.0,1670050.0,0.0,0.0,0.0,0.0,0.0,0.0,0.0,0.0,0.0,0.0,0.0,0.0,0.0,0.0,0.0,0.0,0.0,0.0,0.0,0.0,0.0,0.0
17109,IL,Mcdonough,482638.0,478532.0,199226.0,0.0,0.0,0.0,0.0,0.0,137468.0,194778.0,165782.0,183641.0,0.0,0.0,0.0,0.0,0.0,0.0,0.0,0.0,0.0,0.0,0.0,0.0,482638.0,478532.0,199226.0,0.0,0.0,0.0,0.0,0.0,137468.0,194778.0,165782.0,183641.0,0.0,0.0,0.0,0.0,0.0,0.0,0.0,0.0,0.0,0.0,0.0,0.0,0.0,0.0,0.0,0.0,0.0,0.0,0.0,0.0,0.0,0.0,0.0,0.0,0.0,0.0,0.0,0.0,0.0,0.0,0.0,0.0,0.0,0.0,0.0,0.0
17117,IL,Macoupin,4621593.0,4871520.0,4376606.0,4420220.0,6444570.0,5682253.0,4488487.0,1407552.0,1528359.0,2338165.0,2763804.0,2513389.0,1669786.0,1633881.0,2011152.0,2188956.0,2031889.0,1947164.0,1769822.0,235411.0,0.0,0.0,0.0,0.0,0.0,0.0,0.0,0.0,0.0,0.0,0.0,0.0,0.0,0.0,0.0,0.0,0.0,0.0,0.0,0.0,0.0,0.0,0.0,0.0,0.0,0.0,0.0,0.0,4621593.0,4871520.0,4376606.0,4420220.0,6444570.0,5682253.0,4488487.0,1407552.0,1528359.0,2338165.0,2763804.0,2513389.0,1669786.0,1633881.0,2011152.0,2188956.0,2031889.0,1947164.0,1769822.0,235411.0,0.0,0.0,0.0,0.0
17135,IL,Montgomery,2427808.0,2018992.0,2169104.0,1894838.0,0.0,0.0,0.0,0.0,0.0,20639.0,491227.0,2365356.0,4845308.0,5564836.0,1876828.0,0.0,0.0,0.0,190670.0,2886225.0,3193513.0,4469223.0,3474414.0,2817637.0,0.0,0.0,0.0,0.0,0.0,0.0,0.0,0.0,0.0,0.0,0.0,0.0,0.0,0.0,0.0,0.0,0.0,0.0,0.0,0.0,0.0,0.0,0.0,0.0,2427808.0,2018992.0,2169104.0,1894838.0,0.0,0.0,0.0,0.0,0.0,20639.0,491227.0,2365356.0,4845308.0,5564836.0,1876828.0,0.0,0.0,0.0,190670.0,2886225.0,3193513.0,4469223.0,3474414.0,2817637.0
17145,IL,Perry,396463.0,440060.0,375255.0,577844.0,1108869.0,1476756.0,1802970.0,2291177.0,2878549.0,3201584.0,3572417.0,3578000.0,3506242.0,3670727.0,3691796.0,3619132.0,4046278.0,4426145.0,4535617.0,4357902.0,4721833.0,4674118.0,4837948.0,4666026.0,396463.0,440060.0,375255.0,577844.0,1108869.0,1412214.0,1051428.0,1117697.0,992045.0,784427.0,839848.0,716033.0,721250.0,495211.0,338758.0,341671.0,435837.0,480721.0,372999.0,388243.0,374006.0,402459.0,464143.0,496104.0,0.0,0.0,0.0,0.0,0.0,64542.0,446557.0,1112101.0,1886504.0,2417157.0,2709621.0,2837803.0,2766460.0,3175516.0,3353038.0,3277461.0,3610441.0,3944857.0,4095032.0,3778206.0,4114075.0,4271659.0,4337390.0,4113552.0
17157,IL,Randolph,2634000.0,2549473.0,2557319.0,1461000.0,507738.0,2439317.0,2694914.0,3198251.0,3347916.0,3197579.0,3474889.0,3362805.0,3815324.0,3661237.0,2978546.0,2488460.0,3102315.0,3575978.0,3203046.0,1895288.0,1736103.0,2465809.0,2463943.0,2132415.0,0.0,0.0,0.0,0.0,0.0,0.0,0.0,0.0,0.0,0.0,140113.0,596666.0,980942.0,1182696.0,1020432.0,677261.0,603397.0,488448.0,169267.0,75844.0,7212.0,85615.0,26725.0,0.0,2634000.0,2549473.0,2557319.0,1461000.0,507738.0,2439317.0,2694914.0,3198251.0,3347916.0,3197579.0,3334776.0,2766139.0,2834382.0,2478541.0,1958114.0,1811199.0,2498918.0,3087530.0,3033779.0,1819444.0,1728891.0,2380194.0,2437218.0,2132415.0
17163,IL,St Clair,0.0,0.0,0.0,0.0,0.0,0.0,0.0,0.0,0.0,0.0,0.0,0.0,0.0,0.0,0.0,0.0,0.0,0.0,0.0,0.0,0.0,0.0,0.0,0.0,0.0,0.0,0.0,0.0,0.0,0.0,0.0,0.0,0.0,0.0,0.0,0.0,0.0,0.0,0.0,0.0,0.0,0.0,0.0,0.0,0.0,0.0,0.0,0.0,0.0,0.0,0.0,0.0,0.0,0.0,0.0,0.0,0.0,0.0,0.0,0.0,0.0,0.0,0.0,0.0,0.0,0.0,0.0,0.0,0.0,0.0,0.0,0.0
17165,IL,Saline,8667421.0,8633153.0,9573142.0,10592500.0,10321597.0,11645697.0,11334216.0,9593503.0,10416690.0,10060324.0,10300040.0,13623273.0,12148590.0,14066178.0,11055025.0,5469316.0,4650708.0,2430222.0,2940240.0,841867.0,0.0,0.0,35846.0,9236.0,0.0,0.0,0.0,0.0,0.0,0.0,0.0,0.0,0.0,0.0,300914.0,624983.0,694608.0,794059.0,734257.0,633211.0,881702.0,1075242.0,1523543.0,841867.0,0.0,0.0,35846.0,9236.0,8667421.0,8633153.0,9573142.0,10592500.0,10321597.0,11645697.0,11334216.0,9593503.0,10416690.0,10060324.0,9999126.0,12828230.0,11448912.0,13272119.0,10250067.0,4684835.0,3669816.0,1330804.0,1416697.0,0.0,0.0,0.0,0.0,0.0
17167,IL,Sangamon,2075250.0,1759239.0,2133495.0,2122564.0,2331564.0,2085401.0,2089691.0,2261029.0,2251948.0,2475257.0,2098366.0,2108054.0,2281446.0,2141184.0,2155473.0,1662791.0,1615186.0,1782322.0,1608026.0,766327.0,1012847.0,958213.0,678770.0,246266.0,0.0,0.0,0.0,0.0,0.0,0.0,0.0,0.0,0.0,0.0,0.0,0.0,0.0,0.0,0.0,0.0,0.0,0.0,0.0,0.0,0.0,0.0,0.0,0.0,2075250.0,1759239.0,2133495.0,2122564.0,2331564.0,2085401.0,2089691.0,2261029.0,2251948.0,2475257.0,2098366.0,2108054.0,2281446.0,2141184.0,2155473.0,1662791.0,1615186.0,1782322.0,1608026.0,766327.0,1012847.0,958213.0,678770.0,246266.0
17183,IL,Vermilion,1065508.0,1900201.0,1785772.0,2310414.0,2376426.0,1428186.0,1375378.0,1129783.0,214627.0,0.0,0.0,0.0,0.0,0.0,0.0,0.0,0.0,0.0,0.0,0.0,0.0,0.0,0.0,0.0,0.0,0.0,0.0,0.0,0.0,0.0,0.0,0.0,0.0,0.0,0.0,0.0,0.0,0.0,0.0,0.0,0.0,0.0,0.0,0.0,0.0,0.0,0.0,0.0,1065508.0,1900201.0,1785772.0,2310414.0,2376426.0,1428186.0,1375378.0,1129783.0,214627.0,0.0,0.0,0.0,0.0,0.0,0.0,0.0,0.0,0.0,0.0,0.0,0.0,0.0,0.0,0.0
17185,IL,Wabash,1463407.0,1498385.0,1900630.0,1761041.0,1742550.0,1514793.0,1323923.0,1037125.0,977582.0,1080062.0,1275023.0,1439028.0,1252092.0,849383.0,909793.0,274680.0,1004756.0,1038995.0,1256488.0,690988.0,34972.0,388810.0,246168.0,194483.0,0.0,7591.0,333263.0,95705.0,16863.0,339349.0,937824.0,1037125.0,977582.0,1080062.0,1275023.0,1439028.0,1252092.0,849383.0,909793.0,274680.0,1004756.0,1038995.0,1256488.0,690988.0,34972.0,388810.0,246168.0,194483.0,1463407.0,1490794.0,1567367.0,1665336.0,1725687.0,1175444.0,386099.0,0.0,0.0,0.0,0.0,0.0,0.0,0.0,0.0,0.0,0.0,0.0,0.0,0.0,0.0,0.0,0.0,0.0
17189,IL,Washington,0.0,0.0,0.0,0.0,0.0,0.0,0.0,0.0,0.0,0.0,1002059.0,2818895.0,4629720.0,4556865.0,5953533.0,5913129.0,6202216.0,6331873.0,6439823.0,6433987.0,6636062.0,6543896.0,6711708.0,6817740.0,0.0,0.0,0.0,0.0,0.0,0.0,0.0,0.0,0.0,0.0,0.0,0.0,0.0,0.0,0.0,0.0,0.0,0.0,0.0,0.0,0.0,0.0,0.0,0.0,0.0,0.0,0.0,0.0,0.0,0.0,0.0,0.0,0.0,0.0,1002059.0,2818895.0,4629720.0,4556865.0,5953533.0,5913129.0,6202216.0,6331873.0,6439823.0,6433987.0,6636062.0,6543896.0,6711708.0,6817740.0
17193,IL,White,1889486.0,1847446.0,1821871.0,2440288.0,2635320.0,2505269.0,2896677.0,2653250.0,2472635.0,1657057.0,2199078.0,2380484.0,2596801.0,2573351.0,2373029.0,1850638.0,0.0,0.0,0.0,0.0,0.0,0.0,0.0,0.0,0.0,0.0,0.0,0.0,0.0,0.0,0.0,0.0,0.0,0.0,0.0,0.0,0.0,0.0,0.0,0.0,0.0,0.0,0.0,0.0,0.0,0.0,0.0,0.0,1889486.0,1847446.0,1821871.0,2440288.0,2635320.0,2505269.0,2896677.0,2653250.0,2472635.0,1657057.0,2199078.0,2380484.0,2596801.0,2573351.0,2373029.0,1850638.0,0.0,0.0,0.0,0.0,0.0,0.0,0.0,0.0
17199,IL,Williamson,23395.0,276299.0,267394.0,82640.0,0.0,94171.0,1075762.0,5503665.0,5921151.0,5795493.0,7226500.0,7528061.0,6694630.0,6482276.0,5638291.0,5406820.0,6335835.0,6887728.0,5174361.0,3841668.0,6713341.0,7715724.0,7037074.0,6413674.0,23395.0,276299.0,267394.0,82640.0,0.0,0.0,0.0,0.0,0.0,0.0,0.0,0.0,0.0,0.0,0.0,0.0,0.0,0.0,0.0,0.0,0.0,0.0,0.0,0.0,0.0,0.0,0.0,0.0,0.0,94171.0,1075762.0,5503665.0,5921151.0,5795493.0,7226500.0,7528061.0,6694630.0,6482276.0,5638291.0,5406820.0,6335835.0,6887728.0,5174361.0,3841668.0,6713341.0,7715724.0,7037074.0,6413674.0
18021,IN,Clay,647421.0,1149799.0,1083072.0,927994.0,955122.0,372698.0,0.0,146501.0,214869.0,103326.0,118564.0,0.0,119886.0,334528.0,289527.0,334743.0,381063.0,265835.0,271971.0,253029.0,135037.0,103362.0,37165.0,0.0,647421.0,1149799.0,1083072.0,927994.0,928558.0,280278.0,0.0,0.0,71513.0,25100.0,0.0,0.0,119886.0,334528.0,289527.0,334743.0,381063.0,265835.0,271971.0,253029.0,135037.0,103362.0,37165.0,0.0,0.0,0.0,0.0,0.0,26564.0,92420.0,0.0,0.0,0.0,0.0,0.0,0.0,0.0,0.0,0.0,0.0,0.0,0.0,0.0,0.0,0.0,0.0,0.0,0.0
18025,IN,Crawford,0.0,0.0,0.0,0.0,208477.0,0.0,0.0,0.0,0.0,0.0,0.0,0.0,0.0,0.0,0.0,0.0,0.0,0.0,0.0,0.0,0.0,0.0,0.0,0.0,0.0,0.0,0.0,0.0,208477.0,0.0,0.0,0.0,0.0,0.0,0.0,0.0,0.0,0.0,0.0,0.0,0.0,0.0,0.0,0.0,0.0,0.0,0.0,0.0,0.0,0.0,0.0,0.0,0.0,0.0,0.0,0.0,0.0,0.0,0.0,0.0,0.0,0.0,0.0,0.0,0.0,0.0,0.0,0.0,0.0,0.0,0.0,0.0
18027,IN,Daviess,4384682.0,3589847.0,3454411.0,3667509.0,3541942.0,3304957.0,3555806.0,3565707.0,3501901.0,2859080.0,2743340.0,2282579.0,2106223.0,1128263.0,1013954.0,1112835.0,1371683.0,2189152.0,2063069.0,2101229.0,62590.0,474255.0,433572.0,408740.0,4384682.0,3589847.0,3454411.0,3667509.0,3541942.0,3304957.0,3555806.0,3565707.0,3501901.0,2859080.0,2743340.0,2282579.0,2106223.0,1128263.0,1013954.0,1112835.0,1371683.0,2189152.0,2063069.0,2101229.0,62590.0,474255.0,433572.0,408740.0,0.0,0.0,0.0,0.0,0.0,0.0,0.0,0.0,0.0,0.0,0.0,0.0,0.0,0.0,0.0,0.0,0.0,0.0,0.0,0.0,0.0,0.0,0.0,0.0
18037,IN,Dubois,0.0,0.0,0.0,0.0,0.0,79995.0,673535.0,845652.0,1127348.0,1286185.0,1152113.0,867123.0,1159798.0,1401759.0,1368577.0,1301456.0,1477403.0,1542707.0,1169132.0,111410.0,7741.0,0.0,0.0,0.0,0.0,0.0,0.0,0.0,0.0,79995.0,673535.0,845652.0,1127348.0,1286185.0,1152113.0,867123.0,1159798.0,1401759.0,1368577.0,1301456.0,1477403.0,1542707.0,1169132.0,111410.0,7741.0,0.0,0.0,0.0,0.0,0.0,0.0,0.0,0.0,0.0,0.0,0.0,0.0,0.0,0.0,0.0,0.0,0.0,0.0,0.0,0.0,0.0,0.0,0.0,0.0,0.0,0.0,0.0
18051,IN,Gibson,12378264.0,11864470.0,12789862.0,14002133.0,14901696.0,15131894.0,14034296.0,14737943.0,12513574.0,11200754.0,10682770.0,9202230.0,10283865.0,10251678.0,10316369.0,8192335.0,10115549.0,11985722.0,10149861.0,4469140.0,4788134.0,7569415.0,7627642.0,7413728.0,10711855.0,9931903.0,9776648.0,9333761.0,9722710.0,9939407.0,9721723.0,9398364.0,7151765.0,5358725.0,4338972.0,3013900.0,3430552.0,2641429.0,2337677.0,2095218.0,1950726.0,1973018.0,1143418.0,706320.0,12604.0,563054.0,284846.0,0.0,1666409.0,1932567.0,3013214.0,4668372.0,5178986.0,5192487.0,4312573.0,5339579.0,5361809.0,5842029.0,6343798.0,6188330.0,6853313.0,7610249.0,7978692.0,6097117.0,8164823.0,10012704.0,9006443.0,3762820.0,4775530.0,7006361.0,7342796.0,7413728.0
18055,IN,Greene,921304.0,280285.0,337248.0,217597.0,0.0,0.0,0.0,0.0,0.0,0.0,0.0,0.0,0.0,96244.0,3022.0,14871.0,0.0,0.0,0.0,0.0,0.0,0.0,0.0,0.0,921304.0,280285.0,337248.0,217597.0,0.0,0.0,0.0,0.0,0.0,0.0,0.0,0.0,0.0,0.0,0.0,0.0,0.0,0.0,0.0,0.0,0.0,0.0,0.0,0.0,0.0,0.0,0.0,0.0,0.0,0.0,0.0,0.0,0.0,0.0,0.0,0.0,0.0,96244.0,3022.0,14871.0,0.0,0.0,0.0,0.0,0.0,0.0,0.0,0.0
18071,IN,Jackson,0.0,0.0,0.0,53228.0,0.0,0.0,0.0,0.0,0.0,0.0,0.0,0.0,0.0,0.0,0.0,0.0,0.0,0.0,0.0,0.0,0.0,0.0,0.0,0.0,0.0,0.0,0.0,53228.0,0.0,0.0,0.0,0.0,0.0,0.0,0.0,0.0,0.0,0.0,0.0,0.0,0.0,0.0,0.0,0.0,0.0,0.0,0.0,0.0,0.0,0.0,0.0,0.0,0.0,0.0,0.0,0.0,0.0,0.0,0.0,0.0,0.0,0.0,0.0,0.0,0.0,0.0,0.0,0.0,0.0,0.0,0.0,0.0
18083,IN,Knox,5860618.0,5553564.0,4399789.0,4177718.0,4001421.0,5489453.0,5974231.0,5737866.0,5142195.0,4993572.0,4879932.0,4744053.0,5575476.0,6273481.0,6386123.0,5899872.0,6231296.0,6938534.0,6464442.0,5243007.0,5635794.0,6401435.0,6474629.0,3981742.0,2244804.0,1917750.0,999619.0,1121171.0,1241222.0,2827011.0,3345749.0,3189618.0,2914503.0,2280184.0,509988.0,455295.0,545525.0,245710.0,112812.0,2136.0,0.0,0.0,0.0,0.0,0.0,41603.0,89138.0,84464.0,3615814.0,3635814.0,3400170.0,3056547.0,2760199.0,2662442.0,2628482.0,2548248.0,2227692.0,2713388.0,4369944.0,4288758.0,5029951.0,6027771.0,6273311.0,5897736.0,6231296.0,6938534.0,6464442.0,5243007.0,5635794.0,6359832.0,6385491.0,3897278.0
18119,IN,Owen,280530.0,0.0,0.0,0.0,0.0,0.0,0.0,0.0,0.0,0.0,0.0,0.0,0.0,0.0,0.0,0.0,0.0,0.0,0.0,0.0,0.0,0.0,0.0,0.0,280530.0,0.0,0.0,0.0,0.0,0.0,0.0,0.0,0.0,0.0,0.0,0.0,0.0,0.0,0.0,0.0,0.0,0.0,0.0,0.0,0.0,0.0,0.0,0.0,0.0,0.0,0.0,0.0,0.0,0.0,0.0,0.0,0.0,0.0,0.0,0.0,0.0,0.0,0.0,0.0,0.0,0.0,0.0,0.0,0.0,0.0,0.0,0.0
18121,IN,Parke,122974.0,85215.0,6084.0,0.0,0.0,0.0,0.0,0.0,0.0,0.0,0.0,0.0,0.0,0.0,0.0,0.0,0.0,0.0,0.0,0.0,0.0,0.0,0.0,0.0,122974.0,85215.0,6084.0,0.0,0.0,0.0,0.0,0.0,0.0,0.0,0.0,0.0,0.0,0.0,0.0,0.0,0.0,0.0,0.0,0.0,0.0,0.0,0.0,0.0,0.0,0.0,0.0,0.0,0.0,0.0,0.0,0.0,0.0,0.0,0.0,0.0,0.0,0.0,0.0,0.0,0.0,0.0,0.0,0.0,0.0,0.0,0.0,0.0
18125,IN,Pike,5144147.0,5468865.0,5704767.0,4978266.0,4942020.0,5120551.0,4936058.0,4258951.0,4231258.0,4627912.0,4038247.0,4158693.0,3764996.0,3106824.0,1651292.0,852137.0,223168.0,0.0,363469.0,118395.0,12518.0,214722.0,584588.0,626732.0,3234977.0,3128365.0,3483609.0,2611571.0,1718908.0,2331472.0,2312277.0,1893895.0,1674960.0,1654843.0,1580287.0,2086336.0,1969364.0,1785447.0,1632594.0,602606.0,223168.0,0.0,363469.0,118395.0,12518.0,214722.0,584588.0,626732.0,1909170.0,2340500.0,2221158.0,2366695.0,3223112.0,2789079.0,2623781.0,2365056.0,2504762.0,2684633.0,2457960.0,2072357.0,1795632.0,1321377.0,18698.0,249531.0,0.0,0.0,0.0,0.0,0.0,0.0,0.0,0.0
18147,IN,Spencer,199095.0,411973.0,336062.0,311157.0,217431.0,0.0,0.0,0.0,0.0,0.0,0.0,0.0,0.0,0.0,0.0,0.0,0.0,0.0,0.0,10100.0,0.0,181128.0,320061.0,106632.0,199095.0,411973.0,336062.0,311157.0,217431.0,0.0,0.0,0.0,0.0,0.0,0.0,0.0,0.0,0.0,0.0,0.0,0.0,0.0,0.0,10100.0,0.0,181128.0,320061.0,106632.0,0.0,0.0,0.0,0.0,0.0,0.0,0.0,0.0,0.0,0.0,0.0,0.0,0.0,0.0,0.0,0.0,0.0,0.0,0.0,0.0,0.0,0.0,0.0,0.0
18153,IN,Sullivan,1320132.0,1293210.0,1405581.0,874742.0,15474.0,27595.0,1039232.0,2076901.0,2761949.0,6050661.0,9913208.0,11085987.0,11463114.0,11495657.0,9212063.0,7287136.0,7434850.0,7290454.0,8302283.0,5322285.0,6039988.0,6721885.0,5536036.0,4957450.0,1320132.0,1293210.0,1405581.0,874742.0,15474.0,27595.0,0.0,106698.0,58799.0,3004056.0,6615982.0,8070882.0,8305079.0,8446135.0,7878025.0,7283179.0,7434850.0,6885899.0,6817283.0,5182613.0,6039988.0,6721885.0,5536036.0,4957450.0,0.0,0.0,0.0,0.0,0.0,0.0,1039232.0,1970203.0,2703150.0,3046605.0,3297226.0,3015105.0,3158035.0,3049522.0,1334038.0,3957.0,0.0,404555.0,1485000.0,139672.0,0.0,0.0,0.0,0.0
18167,IN,Vigo,4071449.0,4455354.0,4629840.0,4685523.0,4295215.0,4365707.0,4063272.0,3804923.0,4068011.0,2063621.0,425613.0,41353.0,21904.0,4325.0,0.0,0.0,0.0,0.0,0.0,0.0,0.0,0.0,0.0,0.0,4071449.0,4455354.0,4629840.0,4685523.0,4295215.0,4365707.0,4063272.0,3804923.0,4068011.0,2063621.0,425613.0,41353.0,21904.0,4325.0,0.0,0.0,0.0,0.0,0.0,0.0,0.0,0.0,0.0,0.0,0.0,0.0,0.0,0.0,0.0,0.0,0.0,0.0,0.0,0.0,0.0,0.0,0.0,0.0,0.0,0.0,0.0,0.0,0.0,0.0,0.0,0.0,0.0,0.0
18173,IN,Warrick,1407235.0,1360283.0,1364893.0,1310305.0,1378560.0,1226210.0,726669.0,865169.0,2289059.0,2131520.0,3590460.0,4338156.0,4606572.0,5174218.0,4054517.0,3771320.0,4236855.0,4385803.0,2774425.0,2313850.0,2788634.0,1906937.0,2768402.0,2652100.0,1407235.0,1184052.0,1208232.0,1213774.0,1378560.0,1226210.0,726669.0,865169.0,2289059.0,2131520.0,3590460.0,4338156.0,4606572.0,5174218.0,4054517.0,3771320.0,4236855.0,4385803.0,2774425.0,2313850.0,2788634.0,1906937.0,2768402.0,2652100.0,0.0,0.0,0.0,0.0,0.0,0.0,0.0,0.0,0.0,0.0,0.0,0.0,0.0,0.0,0.0,0.0,0.0,0.0,0.0,0.0,0.0,0.0,0.0,0.0
20011,KS,Bourbon,0.0,0.0,0.0,70650.0,170658.0,254077.0,210943.0,180967.0,184812.0,132691.0,37257.0,15864.0,22150.0,16793.0,0.0,0.0,0.0,0.0,0.0,0.0,0.0,0.0,0.0,0.0,0.0,0.0,0.0,70650.0,170658.0,254077.0,210943.0,180967.0,184812.0,132691.0,37257.0,15864.0,22150.0,16793.0,0.0,0.0,0.0,0.0,0.0,0.0,0.0,0.0,0.0,0.0,0.0,0.0,0.0,0.0,0.0,0.0,0.0,0.0,0.0,0.0,0.0,0.0,0.0,0.0,0.0,0.0,0.0,0.0,0.0,0.0,0.0,0.0,0.0,0.0
20021,KS,Cherokee,0.0,0.0,0.0,0.0,0.0,0.0,0.0,0.0,0.0,0.0,0.0,0.0,0.0,0.0,0.0,0.0,0.0,0.0,0.0,0.0,0.0,0.0,0.0,0.0,0.0,0.0,0.0,0.0,0.0,0.0,0.0,0.0,0.0,0.0,0.0,0.0,0.0,0.0,0.0,0.0,0.0,0.0,0.0,0.0,0.0,0.0,0.0,0.0,0.0,0.0,0.0,0.0,0.0,0.0,0.0,0.0,0.0,0.0,0.0,0.0,0.0,0.0,0.0,0.0,0.0,0.0,0.0,0.0,0.0,0.0,0.0,0.0
20107,KS,Linn,176064.0,204648.0,153652.0,0.0,0.0,171920.0,209493.0,48279.0,0.0,0.0,0.0,0.0,0.0,49573.0,199199.0,26788.0,0.0,0.0,0.0,0.0,0.0,0.0,0.0,0.0,176064.0,204648.0,153652.0,0.0,0.0,171920.0,209493.0,48279.0,0.0,0.0,0.0,0.0,0.0,49573.0,199199.0,26788.0,0.0,0.0,0.0,0.0,0.0,0.0,0.0,0.0,0.0,0.0,0.0,0.0,0.0,0.0,0.0,0.0,0.0,0.0,0.0,0.0,0.0,0.0,0.0,0.0,0.0,0.0,0.0,0.0,0.0,0.0,0.0,0.0
22031,LA,De Soto,2802756.0,3193308.0,3464491.0,3265020.0,3562504.0,3330878.0,2622578.0,3284659.0,2975600.0,3929434.0,3864700.0,3866574.0,2715366.0,2456400.0,3244014.0,2535448.0,1743987.0,1275631.0,1354194.0,455541.0,0.0,0.0,0.0,0.0,2802756.0,3193308.0,3464491.0,3265020.0,3562504.0,3330878.0,2622578.0,3284659.0,2975600.0,3929434.0,3864700.0,3866574.0,2715366.0,2456400.0,3244014.0,2535448.0,1743987.0,1275631.0,1354194.0,455541.0,0.0,0.0,0.0,0.0,0.0,0.0,0.0,0.0,0.0,0.0,0.0,0.0,0.0,0.0,0.0,0.0,0.0,0.0,0.0,0.0,0.0,0.0,0.0,0.0,0.0,0.0,0.0,0.0
22069,LA,Natchitoches,0.0,0.0,0.0,0.0,0.0,0.0,0.0,0.0,0.0,15108.0,0.0,104555.0,94405.0,148488.0,194714.0,262208.0,334580.0,207610.0,183475.0,221041.0,300093.0,307107.0,288829.0,264374.0,0.0,0.0,0.0,0.0,0.0,0.0,0.0,0.0,0.0,15108.0,0.0,104555.0,94405.0,148488.0,194714.0,262208.0,334580.0,207610.0,183475.0,221041.0,300093.0,307107.0,288829.0,264374.0,0.0,0.0,0.0,0.0,0.0,0.0,0.0,0.0,0.0,0.0,0.0,0.0,0.0,0.0,0.0,0.0,0.0,0.0,0.0,0.0,0.0,0.0,0.0,0.0
22081,LA,Red River,912380.0,609201.0,563619.0,540468.0,598458.0,783138.0,504008.0,558584.0,681816.0,0.0,0.0,0.0,0.0,0.0,0.0,0.0,0.0,0.0,0.0,0.0,0.0,0.0,0.0,0.0,912380.0,609201.0,563619.0,540468.0,598458.0,783138.0,504008.0,558584.0,681816.0,0.0,0.0,0.0,0.0,0.0,0.0,0.0,0.0,0.0,0.0,0.0,0.0,0.0,0.0,0.0,0.0,0.0,0.0,0.0,0.0,0.0,0.0,0.0,0.0,0.0,0.0,0.0,0.0,0.0,0.0,0.0,0.0,0.0,0.0,0.0,0.0,0.0,0.0,0.0
24001,MD,Allegany,1148864.0,1626148.0,1626354.0,1708611.0,1311306.0,1471760.0,1409035.0,1920438.0,1682892.0,1813255.0,2065598.0,1476970.0,1396768.0,1405461.0,1128963.0,945097.0,1135706.0,835106.0,784359.0,604204.0,862529.0,839466.0,830959.0,739531.0,1139637.0,1619455.0,1578216.0,1581643.0,1152165.0,1318277.0,1163114.0,1489647.0,1437427.0,1414648.0,1447610.0,1032745.0,1081521.0,979500.0,1000997.0,755292.0,916856.0,785854.0,784359.0,604204.0,862529.0,839466.0,830959.0,739531.0,9227.0,6693.0,48138.0,126968.0,159141.0,153483.0,245921.0,430791.0,245465.0,398607.0,617988.0,444225.0,315247.0,425961.0,127966.0,189805.0,218850.0,49252.0,0.0,0.0,0.0,0.0,0.0,0.0
24023,MD,Garrett,3495134.0,3521157.0,3429415.0,3516330.0,3872147.0,3582262.0,892150.0,939527.0,622567.0,771901.0,871160.0,806371.0,528523.0,572467.0,792906.0,670649.0,672678.0,463002.0,686672.0,549952.0,400459.0,669427.0,449055.0,581398.0,259853.0,200226.0,177536.0,304585.0,856383.0,909363.0,527375.0,617180.0,373300.0,493492.0,616500.0,453146.0,173315.0,280520.0,321795.0,151667.0,147058.0,76446.0,51565.0,26462.0,25076.0,370995.0,51128.0,77823.0,3235281.0,3320931.0,3251879.0,3211745.0,3015764.0,2672899.0,364775.0,322347.0,249267.0,278409.0,254660.0,353225.0,355208.0,291947.0,471111.0,518982.0,525620.0,386556.0,635107.0,523490.0,375383.0,298432.0,397927.0,503575.0
28019,MS,Choctaw,603827.0,2305262.0,3695385.0,3586363.0,3555351.0,3797455.0,3545266.0,2841512.0,3439987.0,4003505.0,2746744.0,2952818.0,3323478.0,2890838.0,2976276.0,2766091.0,2373522.0,2939738.0,2697331.0,2587165.0,3200580.0,3368572.0,2684925.0,2041402.0,603827.0,2305262.0,3695385.0,3586363.0,3555351.0,3797455.0,3545266.0,2841512.0,3439987.0,4003505.0,2746744.0,2952818.0,3323478.0,2890838.0,2976276.0,2766091.0,2373522.0,2939738.0,2697331.0,2587165.0,3200580.0,3368572.0,2684925.0,2041402.0,0.0,0.0,0.0,0.0,0.0,0.0,0.0,0.0,0.0,0.0,0.0,0.0,0.0,0.0,0.0,0.0,0.0,0.0,0.0,0.0,0.0,0.0,0.0,0.0
28069,MS,Kemper,0.0,0.0,0.0,0.0,0.0,0.0,0.0,0.0,0.0,0.0,0.0,0.0,251591.0,846262.0,167116.0,103649.0,230146.0,0.0,0.0,0.0,0.0,0.0,0.0,0.0,0.0,0.0,0.0,0.0,0.0,0.0,0.0,0.0,0.0,0.0,0.0,0.0,251591.0,846262.0,167116.0,103649.0,230146.0,0.0,0.0,0.0,0.0,0.0,0.0,0.0,0.0,0.0,0.0,0.0,0.0,0.0,0.0,0.0,0.0,0.0,0.0,0.0,0.0,0.0,0.0,0.0,0.0,0.0,0.0,0.0,0.0,0.0,0.0,0.0
29013,MO,Bates,366435.0,248016.0,533441.0,578065.0,597618.0,394100.0,236107.0,247049.0,452456.0,458477.0,464738.0,421587.0,413703.0,362813.0,138206.0,233898.0,244345.0,258902.0,189273.0,158739.0,44162.0,73530.0,139696.0,147314.0,366435.0,248016.0,533441.0,578065.0,597618.0,394100.0,236107.0,247049.0,452456.0,458477.0,464738.0,421587.0,413703.0,362813.0,138206.0,233898.0,244345.0,258902.0,189273.0,158739.0,44162.0,73530.0,139696.0,147314.0,0.0,0.0,0.0,0.0,0.0,0.0,0.0,0.0,0.0,0.0,0.0,0.0,0.0,0.0,0.0,0.0,0.0,0.0,0.0,0.0,0.0,0.0,0.0,0.0
30003,MT,Big Horn,24963235.0,24237298.0,22961685.0,26784134.0,26484727.0,28392134.0,30401193.0,31209876.0,28036035.0,27760422.0,27733171.0,22671797.0,24960285.0,27307877.0,25503071.0,17604992.0,20457749.0,22355990.0,18700105.0,14808775.0,14734447.0,13794889.0,14491356.0,13937531.0,24963235.0,24237298.0,22961685.0,26784134.0,26484727.0,28392134.0,30401193.0,31209876.0,28036035.0,27760422.0,27733171.0,22671797.0,24960285.0,27307877.0,25503071.0,17604992.0,20457749.0,22355990.0,18700105.0,14808775.0,14734447.0,13794889.0,14491356.0,13937531.0,0.0,0.0,0.0,0.0,0.0,0.0,0.0,0.0,0.0,0.0,0.0,0.0,0.0,0.0,0.0,0.0,0.0,0.0,0.0,0.0,0.0,0.0,0.0,0.0
30065,MT,Musselshell,0.0,0.0,31926.0,157578.0,162238.0,320847.0,47165.0,168252.0,775532.0,4388852.0,5135570.0,5707633.0,8682884.0,7901784.0,6419645.0,5609042.0,5883820.0,7566480.0,7019129.0,6022919.0,7246554.0,7431273.0,7581000.0,7067888.0,0.0,0.0,0.0,0.0,0.0,0.0,0.0,0.0,0.0,0.0,0.0,0.0,0.0,0.0,0.0,0.0,0.0,0.0,0.0,0.0,0.0,0.0,0.0,0.0,0.0,0.0,31926.0,157578.0,162238.0,320847.0,47165.0,168252.0,775532.0,4388852.0,5135570.0,5707633.0,8682884.0,7901784.0,6419645.0,5609042.0,5883820.0,7566480.0,7019129.0,6022919.0,7246554.0,7431273.0,7581000.0,7067888.0
30083,MT,Richland,340438.0,328081.0,368867.0,381968.0,330477.0,378123.0,358391.0,354859.0,342586.0,351502.0,354669.0,296454.0,354184.0,333922.0,270285.0,309144.0,260272.0,294840.0,291820.0,274389.0,100409.0,36282.0,0.0,0.0,340438.0,328081.0,368867.0,381968.0,330477.0,378123.0,358391.0,354859.0,342586.0,351502.0,354669.0,296454.0,354184.0,333922.0,270285.0,309144.0,260272.0,294840.0,291820.0,274389.0,100409.0,36282.0,0.0,0.0,0.0,0.0,0.0,0.0,0.0,0.0,0.0,0.0,0.0,0.0,0.0,0.0,0.0,0.0,0.0,0.0,0.0,0.0,0.0,0.0,0.0,0.0,0.0,0.0
30087,MT,Rosebud,13839147.0,12820428.0,13631620.0,12664823.0,13376542.0,12731701.0,12583084.0,13052713.0,10331684.0,12231389.0,8784828.0,8018098.0,8234130.0,9018465.0,9671003.0,8812478.0,8630002.0,8392830.0,8456480.0,5315470.0,6498182.0,6970910.0,6999447.0,5978039.0,13839147.0,12820428.0,13631620.0,12664823.0,13376542.0,12731701.0,12583084.0,13052713.0,10331684.0,12231389.0,8784828.0,8018098.0,8234130.0,9018465.0,9671003.0,8812478.0,8630002.0,8392830.0,8456480.0,5315470.0,6498182.0,6970910.0,6999447.0,5978039.0,0.0,0.0,0.0,0.0,0.0,0.0,0.0,0.0,0.0,0.0,0.0,0.0,0.0,0.0,0.0,0.0,0.0,0.0,0.0,0.0,0.0,0.0,0.0,0.0
35007,NM,Colfax,1122951.0,660138.0,0.0,0.0,0.0,0.0,0.0,0.0,0.0,0.0,0.0,0.0,0.0,0.0,0.0,0.0,0.0,0.0,0.0,0.0,0.0,0.0,0.0,0.0,1122951.0,660138.0,0.0,0.0,0.0,0.0,0.0,0.0,0.0,0.0,0.0,0.0,0.0,0.0,0.0,0.0,0.0,0.0,0.0,0.0,0.0,0.0,0.0,0.0,0.0,0.0,0.0,0.0,0.0,0.0,0.0,0.0,0.0,0.0,0.0,0.0,0.0,0.0,0.0,0.0,0.0,0.0,0.0,0.0,0.0,0.0,0.0,0.0
35031,NM,Mckinley,12847556.0,12676929.0,11509919.0,11574889.0,10818213.0,10480669.0,9022834.0,9692839.0,10206656.0,8248768.0,10072600.0,9872472.0,8695671.0,8440886.0,7476237.0,4902936.0,4855010.0,5546491.0,5495524.0,4554536.0,3658667.0,3668569.0,3390111.0,2439474.0,12847556.0,12676929.0,11509919.0,11574889.0,10818213.0,10480669.0,9022834.0,9692839.0,10206656.0,8248768.0,10072600.0,9872472.0,8695671.0,8440886.0,7476237.0,4902936.0,4855010.0,5546491.0,5495524.0,4554536.0,3658667.0,3668569.0,3390111.0,2439474.0,0.0,0.0,0.0,0.0,0.0,0.0,0.0,0.0,0.0,0.0,0.0,0.0,0.0,0.0,0.0,0.0,0.0,0.0,0.0,0.0,0.0,0.0,0.0,0.0
35045,NM,San Juan,15647045.0,15579277.0,14878946.0,15675062.0,17700515.0,15431854.0,15427995.0,15952012.0,14917440.0,12741820.0,11849857.0,12579803.0,13272970.0,13522425.0,12202559.0,8438153.0,8988673.0,5245555.0,9040136.0,5694588.0,5606825.0,6881256.0,4597118.0,4759297.0,14966949.0,13825878.0,8988700.0,7990021.0,9795038.0,8438711.0,8529955.0,8905813.0,8418245.0,7809929.0,7866832.0,7619428.0,7283590.0,4722871.0,5685040.0,4107436.0,3661231.0,3397537.0,5264177.0,4448874.0,4034559.0,5284406.0,4597118.0,4759297.0,680096.0,1753399.0,5890246.0,7685041.0,7905477.0,6993143.0,6898040.0,7046199.0,6499195.0,4931891.0,3983025.0,4960375.0,5989380.0,8799554.0,6517519.0,4330717.0,5327442.0,1848018.0,3775959.0,1245714.0,1572266.0,1596850.0,0.0,0.0
38055,ND,Mclean,7705809.0,7621709.0,7921080.0,7578153.0,7743341.0,8155004.0,7788852.0,7532993.0,8071246.0,7570950.0,7477211.0,7914827.0,7650076.0,7985648.0,7979800.0,7248542.0,7219086.0,8231213.0,7421114.0,7261161.0,7884031.0,7525885.0,6639264.0,7400184.0,7705809.0,7621709.0,7921080.0,7578153.0,7743341.0,8155004.0,7788852.0,7532993.0,8071246.0,7570950.0,7477211.0,7914827.0,7650076.0,7985648.0,7979800.0,7248542.0,7219086.0,8231213.0,7421114.0,7261161.0,7884031.0,7525885.0,6639264.0,7400184.0,0.0,0.0,0.0,0.0,0.0,0.0,0.0,0.0,0.0,0.0,0.0,0.0,0.0,0.0,0.0,0.0,0.0,0.0,0.0,0.0,0.0,0.0,0.0,0.0
38057,ND,Mercer,18858383.0,18654355.0,18725027.0,18260859.0,17844966.0,17953485.0,17923184.0,17588841.0,17634083.0,17490078.0,16562809.0,15289024.0,16260275.0,17195911.0,16428040.0,16576010.0,17280015.0,17155350.0,15617039.0,15008403.0,15042853.0,15301997.0,13546617.0,13774148.0,18858383.0,18654355.0,18725027.0,18260859.0,17844966.0,17953485.0,17923184.0,17588841.0,17634083.0,17490078.0,16562809.0,15289024.0,16260275.0,17195911.0,16428040.0,16576010.0,17280015.0,17155350.0,15617039.0,15008403.0,15042853.0,15301997.0,13546617.0,13774148.0,0.0,0.0,0.0,0.0,0.0,0.0,0.0,0.0,0.0,0.0,0.0,0.0,0.0,0.0,0.0,0.0,0.0,0.0,0.0,0.0,0.0,0.0,0.0,0.0
38065,ND,Oliver,3911225.0,4522831.0,4129330.0,4103859.0,4367952.0,4302567.0,3894230.0,4505263.0,4239963.0,3887916.0,4191399.0,4324815.0,3728709.0,3975634.0,4393986.0,4296307.0,4288404.0,4256867.0,3958707.0,4168628.0,3585724.0,3902744.0,3901324.0,4240336.0,3911225.0,4522831.0,4129330.0,4103859.0,4367952.0,4302567.0,3894230.0,4505263.0,4239963.0,3887916.0,4191399.0,4324815.0,3728709.0,3975634.0,4393986.0,4296307.0,4288404.0,4256867.0,3958707.0,4168628.0,3585724.0,3902744.0,3901324.0,4240336.0,0.0,0.0,0.0,0.0,0.0,0.0,0.0,0.0,0.0,0.0,0.0,0.0,0.0,0.0,0.0,0.0,0.0,0.0,0.0,0.0,0.0,0.0,0.0,0.0
39009,OH,Athens,1257839.0,1157778.0,1162172.0,1215027.0,1148579.0,799686.0,287558.0,0.0,150287.0,21719.0,9740.0,11880.0,11860.0,5340.0,0.0,0.0,0.0,0.0,0.0,0.0,0.0,16155.0,53322.0,58839.0,0.0,0.0,0.0,0.0,0.0,0.0,0.0,0.0,0.0,0.0,0.0,0.0,0.0,0.0,0.0,0.0,0.0,0.0,0.0,0.0,0.0,16155.0,53322.0,58839.0,1257839.0,1157778.0,1162172.0,1215027.0,1148579.0,799686.0,287558.0,0.0,0.0,0.0,0.0,0.0,0.0,0.0,0.0,0.0,0.0,0.0,0.0,0.0,0.0,0.0,0.0,0.0
39013,OH,Belmont,7018837.0,5870543.0,6373690.0,6087842.0,7101430.0,5740284.0,5617907.0,6873124.0,8128106.0,7559272.0,7424126.0,6598181.0,6456777.0,5031585.0,5401211.0,3148372.0,395272.0,447370.0,317168.0,217888.0,1550329.0,689426.0,414843.0,343374.0,2407550.0,1999169.0,1487772.0,1551332.0,1758285.0,1370058.0,1023291.0,1075528.0,1395407.0,1181202.0,1008382.0,830444.0,906631.0,335571.0,645183.0,332541.0,395272.0,447370.0,317168.0,217888.0,278432.0,325365.0,414843.0,343374.0,4611287.0,3871374.0,4885918.0,4536510.0,5343145.0,4370226.0,4594616.0,5797596.0,6732699.0,6378070.0,6415744.0,5767737.0,5550146.0,4696014.0,4756028.0,2815831.0,0.0,0.0,0.0,0.0,1271897.0,364061.0,0.0,0.0
39019,OH,Carroll,114284.0,145929.0,235612.0,413877.0,504646.0,505724.0,386763.0,149009.0,85331.0,135948.0,199577.0,149317.0,238241.0,385030.0,185852.0,22796.0,0.0,0.0,0.0,0.0,0.0,0.0,0.0,0.0,114284.0,109973.0,40034.0,3892.0,189660.0,236813.0,140709.0,39308.0,79592.0,45156.0,10241.0,1962.0,0.0,0.0,0.0,0.0,0.0,0.0,0.0,0.0,0.0,0.0,0.0,0.0,0.0,35956.0,195578.0,409985.0,314986.0,268911.0,246054.0,109701.0,5739.0,90792.0,189336.0,147355.0,238241.0,385030.0,185852.0,22796.0,0.0,0.0,0.0,0.0,0.0,0.0,0.0,0.0
39029,OH,Columbiana,190101.0,505853.0,408706.0,499144.0,432593.0,442493.0,293754.0,350929.0,119792.0,91628.0,130093.0,123931.0,38780.0,0.0,0.0,0.0,0.0,0.0,0.0,0.0,0.0,0.0,0.0,0.0,190101.0,149666.0,408706.0,499144.0,432593.0,442493.0,293754.0,350929.0,119792.0,91628.0,130093.0,123931.0,38780.0,0.0,0.0,0.0,0.0,0.0,0.0,0.0,0.0,0.0,0.0,0.0,0.0,356187.0,0.0,0.0,0.0,0.0,0.0,0.0,0.0,0.0,0.0,0.0,0.0,0.0,0.0,0.0,0.0,0.0,0.0,0.0,0.0,0.0,0.0,0.0
39031,OH,Coshocton,56459.0,251630.0,423714.0,441848.0,418641.0,211252.0,172417.0,248953.0,401191.0,294832.0,164672.0,0.0,0.0,0.0,0.0,0.0,0.0,0.0,0.0,0.0,0.0,0.0,0.0,0.0,56459.0,251630.0,423714.0,441848.0,418641.0,211252.0,172417.0,248953.0,401191.0,294832.0,164672.0,0.0,0.0,0.0,0.0,0.0,0.0,0.0,0.0,0.0,0.0,0.0,0.0,0.0,0.0,0.0,0.0,0.0,0.0,0.0,0.0,0.0,0.0,0.0,0.0,0.0,0.0,0.0,0.0,0.0,0.0,0.0,0.0,0.0,0.0,0.0,0.0,0.0
39053,OH,Gallia,221058.0,271232.0,166980.0,0.0,0.0,0.0,0.0,0.0,0.0,0.0,0.0,0.0,0.0,0.0,0.0,0.0,0.0,0.0,0.0,0.0,0.0,0.0,0.0,0.0,221058.0,271232.0,166980.0,0.0,0.0,0.0,0.0,0.0,0.0,0.0,0.0,0.0,0.0,0.0,0.0,0.0,0.0,0.0,0.0,0.0,0.0,0.0,0.0,0.0,0.0,0.0,0.0,0.0,0.0,0.0,0.0,0.0,0.0,0.0,0.0,0.0,0.0,0.0,0.0,0.0,0.0,0.0,0.0,0.0,0.0,0.0,0.0,0.0
39059,OH,Guernsey,682008.0,58970.0,0.0,2799.0,0.0,0.0,3664.0,0.0,21111.0,236939.0,213347.0,0.0,165080.0,253245.0,17391.0,0.0,0.0,0.0,0.0,0.0,0.0,0.0,0.0,0.0,682008.0,58970.0,0.0,2799.0,0.0,0.0,3664.0,0.0,21111.0,236939.0,213347.0,0.0,165080.0,253245.0,17391.0,0.0,0.0,0.0,0.0,0.0,0.0,0.0,0.0,0.0,0.0,0.0,0.0,0.0,0.0,0.0,0.0,0.0,0.0,0.0,0.0,0.0,0.0,0.0,0.0,0.0,0.0,0.0,0.0,0.0,0.0,0.0,0.0,0.0
39067,OH,Harrison,3174221.0,2883943.0,3283089.0,3771614.0,3214076.0,3232844.0,2505530.0,3261965.0,3474971.0,3955176.0,3939026.0,3302779.0,3385514.0,3266976.0,2738850.0,2065015.0,1673827.0,1845021.0,1406439.0,1001383.0,717335.0,1340676.0,1071861.0,1008168.0,1454271.0,1533172.0,1940686.0,2139190.0,1835367.0,1586752.0,1240272.0,1725943.0,1981252.0,2550398.0,2594289.0,2136478.0,2055059.0,2031779.0,1896994.0,1449442.0,1154393.0,1172729.0,615802.0,359633.0,232878.0,406927.0,359616.0,228431.0,1719950.0,1350771.0,1342403.0,1632424.0,1378709.0,1646092.0,1265258.0,1536022.0,1493719.0,1404778.0,1344737.0,1166301.0,1330455.0,1235197.0,841856.0,615573.0,519434.0,672292.0,790637.0,641750.0,484457.0,933749.0,712245.0,779737.0
39075,OH,Holmes,176252.0,9754.0,0.0,0.0,0.0,0.0,0.0,0.0,0.0,0.0,0.0,0.0,0.0,0.0,0.0,0.0,0.0,0.0,0.0,0.0,0.0,0.0,0.0,0.0,176252.0,9754.0,0.0,0.0,0.0,0.0,0.0,0.0,0.0,0.0,0.0,0.0,0.0,0.0,0.0,0.0,0.0,0.0,0.0,0.0,0.0,0.0,0.0,0.0,0.0,0.0,0.0,0.0,0.0,0.0,0.0,0.0,0.0,0.0,0.0,0.0,0.0,0.0,0.0,0.0,0.0,0.0,0.0,0.0,0.0,0.0,0.0,0.0
39079,OH,Jackson,1575560.0,843727.0,382474.0,159408.0,394104.0,443729.0,348956.0,373692.0,375085.0,370004.0,390697.0,129820.0,96165.0,81483.0,155115.0,42447.0,0.0,4298.0,829.0,0.0,0.0,0.0,0.0,0.0,1575560.0,843727.0,382474.0,159408.0,394104.0,443729.0,348956.0,373692.0,375085.0,370004.0,390697.0,129820.0,96165.0,81483.0,155115.0,42447.0,0.0,4298.0,829.0,0.0,0.0,0.0,0.0,0.0,0.0,0.0,0.0,0.0,0.0,0.0,0.0,0.0,0.0,0.0,0.0,0.0,0.0,0.0,0.0,0.0,0.0,0.0,0.0,0.0,0.0,0.0,0.0,0.0
39081,OH,Jefferson,954439.0,858439.0,1118154.0,913287.0,969985.0,975360.0,990605.0,2434965.0,2733918.0,1444058.0,1375219.0,1704316.0,1749561.0,1722231.0,393566.0,111513.0,8110.0,0.0,0.0,0.0,0.0,0.0,0.0,0.0,382359.0,548357.0,504728.0,363998.0,283309.0,188631.0,164785.0,1512452.0,1937775.0,1028460.0,952254.0,1223342.0,1260790.0,1139983.0,91001.0,0.0,0.0,0.0,0.0,0.0,0.0,0.0,0.0,0.0,572080.0,310082.0,613426.0,549289.0,686676.0,786729.0,825820.0,922513.0,796143.0,415598.0,422965.0,480974.0,488771.0,582248.0,302565.0,111513.0,8110.0,0.0,0.0,0.0,0.0,0.0,0.0,0.0
39087,OH,Lawrence,0.0,0.0,0.0,6421.0,624.0,0.0,0.0,2812.0,13378.0,0.0,0.0,0.0,0.0,0.0,0.0,0.0,0.0,0.0,0.0,0.0,0.0,0.0,0.0,0.0,0.0,0.0,0.0,6421.0,624.0,0.0,0.0,2812.0,13378.0,0.0,0.0,0.0,0.0,0.0,0.0,0.0,0.0,0.0,0.0,0.0,0.0,0.0,0.0,0.0,0.0,0.0,0.0,0.0,0.0,0.0,0.0,0.0,0.0,0.0,0.0,0.0,0.0,0.0,0.0,0.0,0.0,0.0,0.0,0.0,0.0,0.0,0.0,0.0
39099,OH,Mahoning,10085.0,6934.0,15377.0,17884.0,12585.0,8261.0,11441.0,8270.0,7241.0,3252.0,4548.0,3977.0,3616.0,0.0,0.0,0.0,0.0,0.0,0.0,0.0,0.0,0.0,0.0,0.0,10085.0,6934.0,15377.0,17884.0,12585.0,8261.0,11441.0,8270.0,7241.0,3252.0,4548.0,3977.0,3616.0,0.0,0.0,0.0,0.0,0.0,0.0,0.0,0.0,0.0,0.0,0.0,0.0,0.0,0.0,0.0,0.0,0.0,0.0,0.0,0.0,0.0,0.0,0.0,0.0,0.0,0.0,0.0,0.0,0.0,0.0,0.0,0.0,0.0,0.0,0.0
39105,OH,Meigs,4284600.0,416932.0,0.0,0.0,0.0,0.0,0.0,0.0,292550.0,735167.0,443552.0,0.0,0.0,0.0,0.0,0.0,0.0,0.0,0.0,0.0,0.0,0.0,0.0,0.0,0.0,0.0,0.0,0.0,0.0,0.0,0.0,0.0,0.0,0.0,0.0,0.0,0.0,0.0,0.0,0.0,0.0,0.0,0.0,0.0,0.0,0.0,0.0,0.0,4284600.0,416932.0,0.0,0.0,0.0,0.0,0.0,0.0,292550.0,735167.0,443552.0,0.0,0.0,0.0,0.0,0.0,0.0,0.0,0.0,0.0,0.0,0.0,0.0,0.0
39111,OH,Monroe,447965.0,3351874.0,4628223.0,5820654.0,6630590.0,6450932.0,7141934.0,6843898.0,6033455.0,6214246.0,7080629.0,8446709.0,8039546.0,6684695.0,5248702.0,4983672.0,5676639.0,4785568.0,4735046.0,1689296.0,0.0,0.0,0.0,0.0,0.0,0.0,0.0,0.0,0.0,0.0,0.0,0.0,0.0,0.0,0.0,0.0,0.0,0.0,0.0,0.0,0.0,0.0,0.0,0.0,0.0,0.0,0.0,0.0,447965.0,3351874.0,4628223.0,5820654.0,6630590.0,6450932.0,7141934.0,6843898.0,6033455.0,6214246.0,7080629.0,8446709.0,8039546.0,6684695.0,5248702.0,4983672.0,5676639.0,4785568.0,4735046.0,1689296.0,0.0,0.0,0.0,0.0
39119,OH,Muskingum,706475.0,477642.0,132133.0,91145.0,31433.0,169042.0,168898.0,165315.0,146112.0,6651.0,36300.0,374189.0,0.0,0.0,0.0,0.0,0.0,0.0,0.0,0.0,0.0,0.0,0.0,0.0,706475.0,477642.0,132133.0,91145.0,31433.0,169042.0,168898.0,165315.0,146112.0,6651.0,36300.0,374189.0,0.0,0.0,0.0,0.0,0.0,0.0,0.0,0.0,0.0,0.0,0.0,0.0,0.0,0.0,0.0,0.0,0.0,0.0,0.0,0.0,0.0,0.0,0.0,0.0,0.0,0.0,0.0,0.0,0.0,0.0,0.0,0.0,0.0,0.0,0.0,0.0
39121,OH,Noble,549853.0,453193.0,361423.0,489629.0,500902.0,571203.0,616841.0,791038.0,771793.0,774608.0,739720.0,722748.0,485151.0,423492.0,430225.0,439556.0,455472.0,400924.0,425260.0,460913.0,452495.0,413577.0,384669.0,365626.0,549853.0,453193.0,361423.0,489629.0,500902.0,571203.0,616841.0,791038.0,771793.0,774608.0,739720.0,722748.0,485151.0,423492.0,430225.0,439556.0,455472.0,400924.0,425260.0,460913.0,452495.0,413577.0,384669.0,365626.0,0.0,0.0,0.0,0.0,0.0,0.0,0.0,0.0,0.0,0.0,0.0,0.0,0.0,0.0,0.0,0.0,0.0,0.0,0.0,0.0,0.0,0.0,0.0,0.0
39127,OH,Perry,1051679.0,825447.0,773414.0,710866.0,816328.0,904391.0,1575861.0,2066226.0,2003128.0,2233376.0,3278317.0,2492332.0,2404413.0,2398907.0,1355758.0,1101354.0,827375.0,1072149.0,642101.0,104168.0,24564.0,0.0,0.0,0.0,1051679.0,825447.0,773414.0,710866.0,802765.0,548903.0,629894.0,647801.0,619342.0,612879.0,776678.0,834511.0,836870.0,642189.0,603967.0,390371.0,234935.0,174731.0,64594.0,0.0,0.0,0.0,0.0,0.0,0.0,0.0,0.0,0.0,13563.0,355488.0,945967.0,1418425.0,1383786.0,1620497.0,2501639.0,1657821.0,1567543.0,1756718.0,751791.0,710983.0,592440.0,897418.0,577507.0,104168.0,24564.0,0.0,0.0,0.0
39145,OH,Scioto,0.0,0.0,0.0,0.0,0.0,0.0,0.0,0.0,0.0,0.0,0.0,0.0,0.0,0.0,0.0,0.0,0.0,0.0,0.0,0.0,0.0,0.0,0.0,0.0,0.0,0.0,0.0,0.0,0.0,0.0,0.0,0.0,0.0,0.0,0.0,0.0,0.0,0.0,0.0,0.0,0.0,0.0,0.0,0.0,0.0,0.0,0.0,0.0,0.0,0.0,0.0,0.0,0.0,0.0,0.0,0.0,0.0,0.0,0.0,0.0,0.0,0.0,0.0,0.0,0.0,0.0,0.0,0.0,0.0,0.0,0.0,0.0
39151,OH,Stark,728264.0,673453.0,472970.0,423796.0,323135.0,179277.0,293453.0,367875.0,365994.0,222654.0,225844.0,375229.0,429069.0,414560.0,60701.0,0.0,32384.0,64713.0,20353.0,0.0,0.0,0.0,0.0,0.0,728264.0,673453.0,472970.0,423796.0,323135.0,179277.0,293453.0,367875.0,365994.0,222654.0,225844.0,375229.0,429069.0,414560.0,60701.0,0.0,32384.0,64713.0,20353.0,0.0,0.0,0.0,0.0,0.0,0.0,0.0,0.0,0.0,0.0,0.0,0.0,0.0,0.0,0.0,0.0,0.0,0.0,0.0,0.0,0.0,0.0,0.0,0.0,0.0,0.0,0.0,0.0,0.0
39157,OH,Tuscarawas,840946.0,852658.0,990699.0,1121822.0,1347600.0,1554866.0,1643977.0,1635802.0,1755424.0,1841499.0,1599447.0,973907.0,1184540.0,1306643.0,890009.0,536976.0,182349.0,166855.0,229661.0,112857.0,14491.0,32480.0,22726.0,19092.0,840946.0,852658.0,990699.0,1015627.0,1041230.0,1106889.0,1158568.0,1210957.0,1186725.0,1237658.0,1026539.0,516021.0,973032.0,1096859.0,756650.0,500177.0,178444.0,3981.0,486.0,11771.0,14491.0,32480.0,22726.0,19092.0,0.0,0.0,0.0,106195.0,306370.0,447977.0,485409.0,424845.0,568699.0,603841.0,572908.0,457886.0,211508.0,209784.0,133359.0,36799.0,3905.0,162874.0,229175.0,101086.0,0.0,0.0,0.0,0.0
39163,OH,Vinton,1358768.0,1241268.0,1080431.0,1034787.0,870988.0,532705.0,515827.0,677051.0,771983.0,587246.0,920600.0,930201.0,436384.0,283518.0,163595.0,112428.0,237466.0,205873.0,2245.0,0.0,0.0,0.0,0.0,0.0,1358768.0,1241268.0,1080431.0,1034787.0,870988.0,532705.0,515827.0,677051.0,771983.0,587246.0,920600.0,930201.0,436384.0,283518.0,163595.0,112428.0,237466.0,205873.0,2245.0,0.0,0.0,0.0,0.0,0.0,0.0,0.0,0.0,0.0,0.0,0.0,0.0,0.0,0.0,0.0,0.0,0.0,0.0,0.0,0.0,0.0,0.0,0.0,0.0,0.0,0.0,0.0,0.0,0.0
39167,OH,Washington,0.0,0.0,0.0,0.0,0.0,0.0,0.0,0.0,0.0,0.0,0.0,0.0,0.0,0.0,0.0,0.0,0.0,0.0,0.0,0.0,0.0,0.0,0.0,0.0,0.0,0.0,0.0,0.0,0.0,0.0,0.0,0.0,0.0,0.0,0.0,0.0,0.0,0.0,0.0,0.0,0.0,0.0,0.0,0.0,0.0,0.0,0.0,0.0,0.0,0.0,0.0,0.0,0.0,0.0,0.0,0.0,0.0,0.0,0.0,0.0,0.0,0.0,0.0,0.0,0.0,0.0,0.0,0.0,0.0,0.0,0.0,0.0
40035,OK,Craig,237569.0,184137.0,237794.0,288382.0,302499.0,367804.0,298221.0,260574.0,226046.0,46938.0,75074.0,48465.0,28441.0,0.0,0.0,0.0,53331.0,225858.0,178040.0,645.0,0.0,0.0,0.0,0.0,237569.0,184137.0,237794.0,288382.0,302499.0,367804.0,298221.0,260574.0,226046.0,46938.0,75074.0,48465.0,28441.0,0.0,0.0,0.0,53331.0,225858.0,178040.0,645.0,0.0,0.0,0.0,0.0,0.0,0.0,0.0,0.0,0.0,0.0,0.0,0.0,0.0,0.0,0.0,0.0,0.0,0.0,0.0,0.0,0.0,0.0,0.0,0.0,0.0,0.0,0.0,0.0
40061,OK,Haskell,512687.0,405531.0,506047.0,436605.0,408817.0,350569.0,138977.0,169336.0,123766.0,140692.0,203607.0,219046.0,206790.0,73289.0,22351.0,0.0,0.0,0.0,0.0,0.0,0.0,0.0,0.0,0.0,512687.0,405531.0,506047.0,436605.0,408817.0,350569.0,138977.0,169336.0,123766.0,140692.0,203607.0,219046.0,206790.0,73289.0,22351.0,0.0,0.0,0.0,0.0,0.0,0.0,0.0,0.0,0.0,0.0,0.0,0.0,0.0,0.0,0.0,0.0,0.0,0.0,0.0,0.0,0.0,0.0,0.0,0.0,0.0,0.0,0.0,0.0,0.0,0.0,0.0,0.0,0.0
40077,OK,Latimer,0.0,0.0,0.0,0.0,0.0,0.0,0.0,0.0,0.0,0.0,0.0,0.0,0.0,0.0,0.0,0.0,0.0,68779.0,48673.0,0.0,0.0,0.0,0.0,0.0,0.0,0.0,0.0,0.0,0.0,0.0,0.0,0.0,0.0,0.0,0.0,0.0,0.0,0.0,0.0,0.0,0.0,68779.0,48673.0,0.0,0.0,0.0,0.0,0.0,0.0,0.0,0.0,0.0,0.0,0.0,0.0,0.0,0.0,0.0,0.0,0.0,0.0,0.0,0.0,0.0,0.0,0.0,0.0,0.0,0.0,0.0,0.0,0.0
40079,OK,Le Flore,784393.0,743343.0,694589.0,905438.0,931949.0,1059247.0,983066.0,863930.0,534633.0,600278.0,608910.0,529603.0,657868.0,579727.0,564697.0,509988.0,392931.0,315330.0,0.0,0.0,0.0,0.0,0.0,0.0,369770.0,279865.0,301853.0,496372.0,466490.0,595160.0,468778.0,423353.0,150204.0,206387.0,200552.0,180114.0,214408.0,181665.0,173991.0,126320.0,73681.0,109147.0,0.0,0.0,0.0,0.0,0.0,0.0,414623.0,463478.0,392736.0,409066.0,465459.0,464087.0,514288.0,440577.0,384429.0,393891.0,408358.0,349489.0,443460.0,398062.0,390706.0,383668.0,319250.0,206183.0,0.0,0.0,0.0,0.0,0.0,0.0
40105,OK,Nowata,0.0,0.0,0.0,0.0,0.0,216550.0,226978.0,0.0,22814.0,212817.0,254087.0,253630.0,240140.0,249330.0,190909.0,143286.0,113801.0,0.0,0.0,0.0,0.0,0.0,0.0,0.0,0.0,0.0,0.0,0.0,0.0,216550.0,226978.0,0.0,22814.0,212817.0,254087.0,253630.0,240140.0,249330.0,190909.0,143286.0,113801.0,0.0,0.0,0.0,0.0,0.0,0.0,0.0,0.0,0.0,0.0,0.0,0.0,0.0,0.0,0.0,0.0,0.0,0.0,0.0,0.0,0.0,0.0,0.0,0.0,0.0,0.0,0.0,0.0,0.0,0.0,0.0
40111,OK,Okmulgee,4465.0,2911.0,3229.0,4960.0,4875.0,4194.0,693.0,1172.0,644.0,1974.0,2987.0,3229.0,2558.0,1965.0,2242.0,946.0,1282.0,80.0,628.0,150.0,505.0,1743.0,1793.0,118.0,4465.0,2911.0,3229.0,4960.0,4875.0,4194.0,693.0,1172.0,644.0,1974.0,2987.0,3229.0,2558.0,1965.0,2242.0,946.0,1282.0,80.0,628.0,150.0,505.0,1743.0,1793.0,118.0,0.0,0.0,0.0,0.0,0.0,0.0,0.0,0.0,0.0,0.0,0.0,0.0,0.0,0.0,0.0,0.0,0.0,0.0,0.0,0.0,0.0,0.0,0.0,0.0
40131,OK,Rogers,175335.0,70374.0,123557.0,156848.0,208357.0,0.0,0.0,168484.0,48302.0,7712.0,0.0,0.0,0.0,0.0,0.0,0.0,0.0,0.0,0.0,0.0,0.0,0.0,0.0,0.0,175335.0,70374.0,123557.0,156848.0,208357.0,0.0,0.0,168484.0,48302.0,7712.0,0.0,0.0,0.0,0.0,0.0,0.0,0.0,0.0,0.0,0.0,0.0,0.0,0.0,0.0,0.0,0.0,0.0,0.0,0.0,0.0,0.0,0.0,0.0,0.0,0.0,0.0,0.0,0.0,0.0,0.0,0.0,0.0,0.0,0.0,0.0,0.0,0.0,0.0
47001,TN,Anderson,46166.0,58492.0,110972.0,166804.0,46760.0,98168.0,120766.0,185021.0,224041.0,294514.0,250179.0,22852.0,51314.0,0.0,0.0,0.0,0.0,0.0,0.0,0.0,0.0,0.0,0.0,0.0,46166.0,41836.0,75419.0,130882.0,27425.0,71506.0,120766.0,147729.0,85970.0,162410.0,198719.0,22852.0,51314.0,0.0,0.0,0.0,0.0,0.0,0.0,0.0,0.0,0.0,0.0,0.0,0.0,16656.0,35553.0,35922.0,19335.0,26662.0,0.0,37292.0,138071.0,132104.0,51460.0,0.0,0.0,0.0,0.0,0.0,0.0,0.0,0.0,0.0,0.0,0.0,0.0,0.0
47013,TN,Campbell,922763.0,1013836.0,541833.0,316272.0,725421.0,790611.0,728002.0,796009.0,869586.0,931401.0,835643.0,300165.0,169356.0,97533.0,68031.0,0.0,9994.0,4751.0,0.0,0.0,0.0,482.0,0.0,0.0,435797.0,562275.0,368260.0,225528.0,290625.0,304832.0,295992.0,408887.0,460847.0,611819.0,712316.0,228329.0,120204.0,97533.0,68031.0,0.0,9994.0,4751.0,0.0,0.0,0.0,482.0,0.0,0.0,486966.0,451561.0,173573.0,90744.0,434796.0,485779.0,432010.0,387122.0,408739.0,319582.0,123327.0,71836.0,49152.0,0.0,0.0,0.0,0.0,0.0,0.0,0.0,0.0,0.0,0.0,0.0
47025,TN,Claiborne,1982763.0,1633969.0,1542428.0,2025057.0,2320118.0,1901679.0,1802409.0,1330043.0,881116.0,537474.0,461010.0,767230.0,877767.0,741716.0,821334.0,643981.0,421118.0,227279.0,435923.0,91871.0,0.0,0.0,0.0,0.0,1170160.0,1170005.0,1229592.0,1502600.0,1603619.0,1235977.0,1342771.0,965709.0,585582.0,434445.0,213146.0,266156.0,196000.0,120111.0,290137.0,220703.0,91872.0,53478.0,122340.0,9058.0,0.0,0.0,0.0,0.0,812603.0,463964.0,312836.0,522457.0,716499.0,665702.0,459638.0,364334.0,295534.0,103029.0,247864.0,501074.0,681767.0,621605.0,531197.0,423278.0,329246.0,173801.0,313583.0,82813.0,0.0,0.0,0.0,0.0
47035,TN,Cumberland,267597.0,291798.0,218696.0,90281.0,47391.0,12986.0,0.0,0.0,0.0,0.0,0.0,0.0,0.0,0.0,0.0,0.0,0.0,0.0,0.0,0.0,0.0,0.0,0.0,0.0,267597.0,291798.0,218696.0,90281.0,37803.0,0.0,0.0,0.0,0.0,0.0,0.0,0.0,0.0,0.0,0.0,0.0,0.0,0.0,0.0,0.0,0.0,0.0,0.0,0.0,0.0,0.0,0.0,0.0,9588.0,12986.0,0.0,0.0,0.0,0.0,0.0,0.0,0.0,0.0,0.0,0.0,0.0,0.0,0.0,0.0,0.0,0.0,0.0,0.0
47037,TN,Davidson,0.0,0.0,0.0,0.0,0.0,0.0,0.0,0.0,0.0,0.0,0.0,0.0,0.0,0.0,8119.0,0.0,0.0,0.0,0.0,0.0,0.0,0.0,0.0,0.0,0.0,0.0,0.0,0.0,0.0,0.0,0.0,0.0,0.0,0.0,0.0,0.0,0.0,0.0,8119.0,0.0,0.0,0.0,0.0,0.0,0.0,0.0,0.0,0.0,0.0,0.0,0.0,0.0,0.0,0.0,0.0,0.0,0.0,0.0,0.0,0.0,0.0,0.0,0.0,0.0,0.0,0.0,0.0,0.0,0.0,0.0,0.0,0.0
47049,TN,Fentress,83474.0,14952.0,15425.0,111314.0,33413.0,0.0,3274.0,21703.0,21356.0,16789.0,203.0,0.0,0.0,0.0,0.0,0.0,0.0,0.0,0.0,0.0,0.0,0.0,0.0,0.0,83474.0,14952.0,15425.0,111314.0,33413.0,0.0,3274.0,21703.0,21356.0,16789.0,203.0,0.0,0.0,0.0,0.0,0.0,0.0,0.0,0.0,0.0,0.0,0.0,0.0,0.0,0.0,0.0,0.0,0.0,0.0,0.0,0.0,0.0,0.0,0.0,0.0,0.0,0.0,0.0,0.0,0.0,0.0,0.0,0.0,0.0,0.0,0.0,0.0,0.0
47061,TN,Grundy,0.0,0.0,0.0,0.0,7870.0,0.0,0.0,0.0,0.0,0.0,0.0,0.0,0.0,0.0,0.0,0.0,0.0,0.0,0.0,0.0,0.0,0.0,0.0,0.0,0.0,0.0,0.0,0.0,0.0,0.0,0.0,0.0,0.0,0.0,0.0,0.0,0.0,0.0,0.0,0.0,0.0,0.0,0.0,0.0,0.0,0.0,0.0,0.0,0.0,0.0,0.0,0.0,7870.0,0.0,0.0,0.0,0.0,0.0,0.0,0.0,0.0,0.0,0.0,0.0,0.0,0.0,0.0,0.0,0.0,0.0,0.0,0.0
47115,TN,Marion,0.0,0.0,0.0,0.0,0.0,0.0,0.0,0.0,0.0,0.0,0.0,0.0,0.0,0.0,0.0,0.0,0.0,0.0,0.0,0.0,0.0,0.0,0.0,0.0,0.0,0.0,0.0,0.0,0.0,0.0,0.0,0.0,0.0,0.0,0.0,0.0,0.0,0.0,0.0,0.0,0.0,0.0,0.0,0.0,0.0,0.0,0.0,0.0,0.0,0.0,0.0,0.0,0.0,0.0,0.0,0.0,0.0,0.0,0.0,0.0,0.0,0.0,0.0,0.0,0.0,0.0,0.0,0.0,0.0,0.0,0.0,0.0
47129,TN,Morgan,0.0,0.0,0.0,0.0,0.0,500.0,0.0,0.0,0.0,0.0,0.0,0.0,0.0,0.0,0.0,0.0,0.0,0.0,0.0,0.0,0.0,0.0,0.0,0.0,0.0,0.0,0.0,0.0,0.0,500.0,0.0,0.0,0.0,0.0,0.0,0.0,0.0,0.0,0.0,0.0,0.0,0.0,0.0,0.0,0.0,0.0,0.0,0.0,0.0,0.0,0.0,0.0,0.0,0.0,0.0,0.0,0.0,0.0,0.0,0.0,0.0,0.0,0.0,0.0,0.0,0.0,0.0,0.0,0.0,0.0,0.0,0.0
47151,TN,Scott,21508.0,152986.0,134781.0,176910.0,35871.0,0.0,0.0,0.0,0.0,0.0,0.0,0.0,0.0,0.0,0.0,0.0,0.0,0.0,0.0,0.0,0.0,0.0,0.0,0.0,0.0,0.0,0.0,0.0,0.0,0.0,0.0,0.0,0.0,0.0,0.0,0.0,0.0,0.0,0.0,0.0,0.0,0.0,0.0,0.0,0.0,0.0,0.0,0.0,21508.0,152986.0,134781.0,176910.0,35871.0,0.0,0.0,0.0,0.0,0.0,0.0,0.0,0.0,0.0,0.0,0.0,0.0,0.0,0.0,0.0,0.0,0.0,0.0,0.0
48013,TX,Atascosa,3378562.0,3293072.0,3104444.0,3089624.0,3328840.0,3637167.0,3121114.0,3078762.0,3158885.0,3294198.0,3204153.0,3308314.0,3172282.0,2255871.0,2574464.0,2776858.0,3070708.0,2977099.0,3003780.0,2647716.0,2464440.0,3194292.0,1789791.0,1596122.0,3378562.0,3293072.0,3104444.0,3089624.0,3328840.0,3637167.0,3121114.0,3078762.0,3158885.0,3294198.0,3204153.0,3308314.0,3172282.0,2255871.0,2574464.0,2776858.0,3070708.0,2977099.0,3003780.0,2647716.0,2464440.0,3194292.0,1789791.0,1596122.0,0.0,0.0,0.0,0.0,0.0,0.0,0.0,0.0,0.0,0.0,0.0,0.0,0.0,0.0,0.0,0.0,0.0,0.0,0.0,0.0,0.0,0.0,0.0,0.0
48021,TX,Bastrop,0.0,0.0,0.0,0.0,2551615.0,6724731.0,4120619.0,0.0,0.0,0.0,0.0,0.0,0.0,0.0,0.0,0.0,0.0,0.0,0.0,0.0,0.0,0.0,0.0,0.0,0.0,0.0,0.0,0.0,2551615.0,6724731.0,4120619.0,0.0,0.0,0.0,0.0,0.0,0.0,0.0,0.0,0.0,0.0,0.0,0.0,0.0,0.0,0.0,0.0,0.0,0.0,0.0,0.0,0.0,0.0,0.0,0.0,0.0,0.0,0.0,0.0,0.0,0.0,0.0,0.0,0.0,0.0,0.0,0.0,0.0,0.0,0.0,0.0,0.0
48161,TX,Freestone,3690306.0,4278122.0,4275765.0,4339582.0,4438449.0,4462066.0,3873359.0,3338979.0,3253584.0,2619451.0,3652784.0,3005616.0,3232521.0,3269584.0,1387041.0,1341856.0,1226441.0,0.0,0.0,0.0,0.0,0.0,0.0,0.0,3690306.0,4278122.0,4275765.0,4339582.0,4438449.0,4462066.0,3873359.0,3338979.0,3253584.0,2619451.0,3652784.0,3005616.0,3232521.0,3269584.0,1387041.0,1341856.0,1226441.0,0.0,0.0,0.0,0.0,0.0,0.0,0.0,0.0,0.0,0.0,0.0,0.0,0.0,0.0,0.0,0.0,0.0,0.0,0.0,0.0,0.0,0.0,0.0,0.0,0.0,0.0,0.0,0.0,0.0,0.0,0.0
48203,TX,Harrison,3476580.0,4028315.0,4233031.0,4275227.0,4602752.0,3972626.0,4153485.0,4054916.0,3845279.0,4568991.0,4041305.0,4252226.0,3913377.0,4464771.0,3850810.0,4400305.0,4079046.0,3686942.0,3324610.0,1709518.0,1865625.0,2433900.0,480628.0,0.0,3476580.0,4028315.0,4233031.0,4275227.0,4602752.0,3972626.0,4153485.0,4054916.0,3845279.0,4568991.0,4041305.0,4252226.0,3913377.0,4464771.0,3850810.0,4400305.0,4079046.0,3686942.0,3324610.0,1709518.0,1865625.0,2433900.0,480628.0,0.0,0.0,0.0,0.0,0.0,0.0,0.0,0.0,0.0,0.0,0.0,0.0,0.0,0.0,0.0,0.0,0.0,0.0,0.0,0.0,0.0,0.0,0.0,0.0,0.0
48223,TX,Hopkins,2188991.0,2354346.0,2464563.0,2580770.0,2508860.0,2534549.0,2134207.0,1943419.0,1967617.0,1858244.0,1267357.0,863143.0,0.0,15022.0,511938.0,59120.0,0.0,0.0,0.0,0.0,0.0,0.0,0.0,0.0,2188991.0,2354346.0,2464563.0,2580770.0,2508860.0,2534549.0,2134207.0,1943419.0,1967617.0,1858244.0,1267357.0,863143.0,0.0,15022.0,511938.0,59120.0,0.0,0.0,0.0,0.0,0.0,0.0,0.0,0.0,0.0,0.0,0.0,0.0,0.0,0.0,0.0,0.0,0.0,0.0,0.0,0.0,0.0,0.0,0.0,0.0,0.0,0.0,0.0,0.0,0.0,0.0,0.0,0.0
48287,TX,Lee,0.0,0.0,0.0,0.0,0.0,0.0,0.0,3754012.0,4887765.0,5364236.0,7192404.0,7760301.0,7189178.0,7527358.0,6482152.0,6983347.0,7186478.0,93632.0,0.0,0.0,0.0,0.0,0.0,0.0,0.0,0.0,0.0,0.0,0.0,0.0,0.0,3754012.0,4887765.0,5364236.0,7192404.0,7760301.0,7189178.0,7527358.0,6482152.0,6983347.0,7186478.0,93632.0,0.0,0.0,0.0,0.0,0.0,0.0,0.0,0.0,0.0,0.0,0.0,0.0,0.0,0.0,0.0,0.0,0.0,0.0,0.0,0.0,0.0,0.0,0.0,0.0,0.0,0.0,0.0,0.0,0.0,0.0
48289,TX,Leon,7386216.0,6730459.0,7460693.0,6456625.0,6916386.0,6781523.0,6779166.0,6453799.0,5092532.0,4170923.0,4221546.0,4227779.0,4978299.0,5257740.0,3353517.0,3664991.0,0.0,0.0,0.0,0.0,0.0,0.0,0.0,0.0,7386216.0,6730459.0,7460693.0,6456625.0,6916386.0,6781523.0,6779166.0,6453799.0,5092532.0,4170923.0,4221546.0,4227779.0,4978299.0,5257740.0,3353517.0,3664991.0,0.0,0.0,0.0,0.0,0.0,0.0,0.0,0.0,0.0,0.0,0.0,0.0,0.0,0.0,0.0,0.0,0.0,0.0,0.0,0.0,0.0,0.0,0.0,0.0,0.0,0.0,0.0,0.0,0.0,0.0,0.0,0.0
48293,TX,Limestone,0.0,0.0,0.0,0.0,0.0,0.0,0.0,0.0,875433.0,6303847.0,8630793.0,8236336.0,8769129.0,9460227.0,8114714.0,9299300.0,10997088.0,8683043.0,9594365.0,10104901.0,8754658.0,9334585.0,9550166.0,8916988.0,0.0,0.0,0.0,0.0,0.0,0.0,0.0,0.0,875433.0,6303847.0,8630793.0,8236336.0,8769129.0,9460227.0,8114714.0,9299300.0,10997088.0,8683043.0,9594365.0,10104901.0,8754658.0,9334585.0,9550166.0,8916988.0,0.0,0.0,0.0,0.0,0.0,0.0,0.0,0.0,0.0,0.0,0.0,0.0,0.0,0.0,0.0,0.0,0.0,0.0,0.0,0.0,0.0,0.0,0.0,0.0
48323,TX,Maverick,0.0,0.0,0.0,0.0,0.0,0.0,0.0,0.0,0.0,0.0,0.0,0.0,0.0,1478.0,715112.0,1788032.0,2437496.0,2146219.0,1638483.0,294026.0,0.0,0.0,0.0,0.0,0.0,0.0,0.0,0.0,0.0,0.0,0.0,0.0,0.0,0.0,0.0,0.0,0.0,1478.0,715112.0,1788032.0,2437496.0,2146219.0,1638483.0,294026.0,0.0,0.0,0.0,0.0,0.0,0.0,0.0,0.0,0.0,0.0,0.0,0.0,0.0,0.0,0.0,0.0,0.0,0.0,0.0,0.0,0.0,0.0,0.0,0.0,0.0,0.0,0.0,0.0
48331,TX,Milam,5709325.0,5573795.0,6091061.0,6105182.0,3202356.0,0.0,0.0,0.0,0.0,0.0,0.0,0.0,0.0,0.0,0.0,0.0,0.0,0.0,0.0,0.0,0.0,0.0,0.0,0.0,5709325.0,5573795.0,6091061.0,6105182.0,3202356.0,0.0,0.0,0.0,0.0,0.0,0.0,0.0,0.0,0.0,0.0,0.0,0.0,0.0,0.0,0.0,0.0,0.0,0.0,0.0,0.0,0.0,0.0,0.0,0.0,0.0,0.0,0.0,0.0,0.0,0.0,0.0,0.0,0.0,0.0,0.0,0.0,0.0,0.0,0.0,0.0,0.0,0.0,0.0
48355,TX,Nueces,0.0,0.0,0.0,0.0,0.0,0.0,0.0,0.0,0.0,0.0,0.0,0.0,0.0,0.0,0.0,0.0,0.0,0.0,0.0,0.0,0.0,0.0,0.0,0.0,0.0,0.0,0.0,0.0,0.0,0.0,0.0,0.0,0.0,0.0,0.0,0.0,0.0,0.0,0.0,0.0,0.0,0.0,0.0,0.0,0.0,0.0,0.0,0.0,0.0,0.0,0.0,0.0,0.0,0.0,0.0,0.0,0.0,0.0,0.0,0.0,0.0,0.0,0.0,0.0,0.0,0.0,0.0,0.0,0.0,0.0,0.0,0.0
48365,TX,Panola,6362056.0,7246826.0,7770812.0,7031415.0,7027838.0,7193414.0,8329657.0,6885740.0,5420457.0,7205653.0,7055141.0,6692447.0,5423851.0,4976756.0,3383844.0,2870692.0,2344708.0,2471147.0,924947.0,0.0,0.0,0.0,0.0,0.0,6362056.0,7246826.0,7770812.0,7031415.0,7027838.0,7193414.0,8329657.0,6885740.0,5420457.0,7205653.0,7055141.0,6692447.0,5423851.0,4976756.0,3383844.0,2870692.0,2344708.0,2471147.0,924947.0,0.0,0.0,0.0,0.0,0.0,0.0,0.0,0.0,0.0,0.0,0.0,0.0,0.0,0.0,0.0,0.0,0.0,0.0,0.0,0.0,0.0,0.0,0.0,0.0,0.0,0.0,0.0,0.0,0.0
48395,TX,Robertson,2143975.0,1928602.0,2223039.0,1944757.0,2178792.0,1788496.0,1902877.0,2121961.0,1724612.0,1869981.0,1826445.0,1357420.0,1712679.0,1958835.0,2079570.0,2123226.0,1992150.0,2030297.0,2156794.0,1972073.0,2063647.0,2120757.0,1993963.0,1783404.0,2143975.0,1928602.0,2223039.0,1944757.0,2178792.0,1788496.0,1902877.0,2121961.0,1724612.0,1869981.0,1826445.0,1357420.0,1712679.0,1958835.0,2079570.0,2123226.0,1992150.0,2030297.0,2156794.0,1972073.0,2063647.0,2120757.0,1993963.0,1783404.0,0.0,0.0,0.0,0.0,0.0,0.0,0.0,0.0,0.0,0.0,0.0,0.0,0.0,0.0,0.0,0.0,0.0,0.0,0.0,0.0,0.0,0.0,0.0,0.0
48401,TX,Rusk,5260223.0,4459964.0,4666829.0,5975453.0,5983205.0,4843839.0,4108562.0,4655079.0,4225852.0,2977556.0,3227650.0,3061443.0,3431486.0,3887353.0,3464804.0,3692857.0,3048129.0,2734143.0,2663711.0,2954048.0,2102030.0,0.0,0.0,0.0,5260223.0,4459964.0,4666829.0,5975453.0,5983205.0,4843839.0,4108562.0,4655079.0,4225852.0,2977556.0,3227650.0,3061443.0,3431486.0,3887353.0,3464804.0,3692857.0,3048129.0,2734143.0,2663711.0,2954048.0,2102030.0,0.0,0.0,0.0,0.0,0.0,0.0,0.0,0.0,0.0,0.0,0.0,0.0,0.0,0.0,0.0,0.0,0.0,0.0,0.0,0.0,0.0,0.0,0.0,0.0,0.0,0.0,0.0
48449,TX,Titus,5312347.0,5331158.0,5208428.0,4024373.0,3199586.0,3609206.0,3425360.0,2730260.0,641252.0,748921.0,1584019.0,1413200.0,1027817.0,579018.0,0.0,0.0,0.0,0.0,0.0,0.0,0.0,0.0,0.0,0.0,5312347.0,5331158.0,5208428.0,4024373.0,3199586.0,3609206.0,3425360.0,2730260.0,641252.0,748921.0,1584019.0,1413200.0,1027817.0,579018.0,0.0,0.0,0.0,0.0,0.0,0.0,0.0,0.0,0.0,0.0,0.0,0.0,0.0,0.0,0.0,0.0,0.0,0.0,0.0,0.0,0.0,0.0,0.0,0.0,0.0,0.0,0.0,0.0,0.0,0.0,0.0,0.0,0.0,0.0
48479,TX,Webb,133825.0,21963.0,18092.0,39818.0,0.0,0.0,0.0,0.0,0.0,0.0,0.0,0.0,0.0,0.0,0.0,0.0,0.0,0.0,0.0,0.0,0.0,0.0,0.0,0.0,133825.0,21963.0,18092.0,39818.0,0.0,0.0,0.0,0.0,0.0,0.0,0.0,0.0,0.0,0.0,0.0,0.0,0.0,0.0,0.0,0.0,0.0,0.0,0.0,0.0,0.0,0.0,0.0,0.0,0.0,0.0,0.0,0.0,0.0,0.0,0.0,0.0,0.0,0.0,0.0,0.0,0.0,0.0,0.0,0.0,0.0,0.0,0.0,0.0
49007,UT,Carbon,9483599.0,9462806.0,9819689.0,9235123.0,9620486.0,11408817.0,11893032.0,11544960.0,9265276.0,8999079.0,9435352.0,6503313.0,6585144.0,7694758.0,7101392.0,6993852.0,6630268.0,6783202.0,8046571.0,6989454.0,7005435.0,2548123.0,2786080.0,2963808.0,0.0,267517.0,25083.0,0.0,0.0,0.0,0.0,0.0,0.0,0.0,0.0,0.0,0.0,0.0,0.0,0.0,0.0,0.0,0.0,0.0,0.0,0.0,0.0,0.0,9483599.0,9195289.0,9794606.0,9235123.0,9620486.0,11408817.0,11893032.0,11544960.0,9265276.0,8999079.0,9435352.0,6503313.0,6585144.0,7694758.0,7101392.0,6993852.0,6630268.0,6783202.0,8046571.0,6989454.0,7005435.0,2548123.0,2786080.0,2963808.0
49015,UT,Emery,9227422.0,7288448.0,6123757.0,4942690.0,7331923.0,6700945.0,5701624.0,5874133.0,5704001.0,3953522.0,3714657.0,4292022.0,3690136.0,3145068.0,966600.0,898002.0,1087550.0,1437492.0,1744837.0,1145727.0,1683939.0,3943766.0,1376865.0,1401414.0,0.0,0.0,0.0,0.0,0.0,0.0,0.0,0.0,0.0,0.0,0.0,0.0,0.0,0.0,0.0,0.0,0.0,0.0,0.0,0.0,0.0,0.0,0.0,0.0,9227422.0,7288448.0,6123757.0,4942690.0,7331923.0,6700945.0,5701624.0,5874133.0,5704001.0,3953522.0,3714657.0,4292022.0,3690136.0,3145068.0,966600.0,894190.0,1087550.0,1437492.0,1744837.0,1145727.0,1683939.0,3943766.0,1376865.0,1356727.0
49025,UT,Kane,0.0,0.0,0.0,0.0,0.0,0.0,0.0,0.0,0.0,0.0,0.0,570138.0,741178.0,555268.0,326603.0,702909.0,723944.0,493532.0,240010.0,569090.0,434165.0,354265.0,66659.0,0.0,0.0,0.0,0.0,0.0,0.0,0.0,0.0,0.0,0.0,0.0,0.0,570138.0,741178.0,555268.0,315693.0,669025.0,723944.0,493532.0,240010.0,569090.0,434165.0,354265.0,66659.0,0.0,0.0,0.0,0.0,0.0,0.0,0.0,0.0,0.0,0.0,0.0,0.0,0.0,0.0,0.0,10910.0,33884.0,0.0,0.0,0.0,0.0,0.0,0.0,0.0,0.0
49041,UT,Sevier,8255461.0,8552483.0,7125797.0,7568276.0,7568934.0,7907935.0,6711925.0,6946075.0,6748311.0,6398350.0,6498011.0,5650446.0,5960266.0,6539322.0,6024483.0,5375171.0,5883975.0,4904476.0,4373942.0,4458836.0,3310292.0,3877118.0,2690970.0,3099164.0,0.0,0.0,0.0,0.0,0.0,0.0,0.0,0.0,0.0,0.0,0.0,0.0,0.0,0.0,0.0,0.0,0.0,0.0,0.0,0.0,0.0,0.0,0.0,0.0,8255461.0,8552483.0,7125797.0,7568276.0,7568934.0,7907935.0,6711925.0,6946075.0,6748311.0,6398350.0,6498011.0,5650446.0,5960266.0,6539322.0,6024483.0,5375171.0,5883975.0,4904476.0,4373942.0,4458836.0,3310292.0,3877118.0,2690970.0,3099164.0
51027,VA,Buchanan,11589519.0,10048222.0,10812659.0,10347697.0,7756474.0,10180930.0,7777265.0,8438897.0,6799719.0,8744056.0,9316543.0,7183857.0,7695116.0,7223564.0,7100586.0,7429542.0,7930728.0,7333837.0,6606136.0,5186292.0,5971588.0,5955472.0,5369250.0,5094649.0,2299210.0,1862204.0,2551058.0,2713882.0,2935099.0,3032090.0,2991398.0,2842689.0,2089982.0,2198980.0,1794400.0,1891450.0,1389878.0,1476184.0,1446108.0,1250361.0,1406398.0,1024336.0,1006596.0,899188.0,1077542.0,1331355.0,1021573.0,840631.0,9290309.0,8186018.0,8261601.0,7633815.0,4821375.0,7148840.0,4785867.0,5596208.0,4709737.0,6545076.0,7521349.0,5292407.0,6305238.0,5747380.0,5654478.0,6179181.0,6524330.0,6309501.0,5599540.0,4287104.0,4894046.0,4435980.0,4321768.0,4251124.0
51051,VA,Dickenson,3230718.0,2779463.0,2735067.0,2564014.0,2566576.0,2582717.0,2139842.0,2070185.0,1384909.0,1058819.0,1331667.0,3412332.0,3594585.0,3738135.0,3585016.0,3500698.0,3357738.0,3341052.0,3661700.0,3683845.0,4083275.0,3743888.0,3851635.0,3473822.0,314576.0,327721.0,674301.0,434153.0,545510.0,528930.0,230033.0,265985.0,217853.0,239245.0,393254.0,526314.0,510477.0,645430.0,1078881.0,1328006.0,915673.0,1112169.0,1057911.0,925011.0,1037225.0,915775.0,845865.0,597962.0,2916142.0,2451742.0,2060766.0,2129861.0,2021066.0,2053787.0,1909809.0,1804200.0,1167056.0,819574.0,938413.0,2886018.0,3032284.0,2820393.0,2506135.0,2172692.0,2442065.0,2228883.0,2455211.0,2617026.0,2884962.0,2766678.0,3005770.0,2875860.0
51071,VA,Giles,0.0,0.0,0.0,0.0,0.0,0.0,0.0,0.0,0.0,141110.0,151260.0,174807.0,0.0,0.0,0.0,0.0,0.0,0.0,0.0,0.0,0.0,0.0,0.0,0.0,0.0,0.0,0.0,0.0,0.0,0.0,0.0,0.0,0.0,141110.0,151260.0,174807.0,0.0,0.0,0.0,0.0,0.0,0.0,0.0,0.0,0.0,0.0,0.0,0.0,0.0,0.0,0.0,0.0,0.0,0.0,0.0,0.0,0.0,0.0,0.0,0.0,0.0,0.0,0.0,0.0,0.0,0.0,0.0,0.0,0.0,0.0,0.0,0.0
51105,VA,Lee,498275.0,256989.0,573882.0,815797.0,628701.0,870397.0,806742.0,1156029.0,633708.0,514305.0,510205.0,276070.0,47046.0,0.0,0.0,112444.0,0.0,0.0,0.0,0.0,6713.0,0.0,0.0,0.0,96735.0,180134.0,205756.0,309217.0,306809.0,310019.0,493721.0,830157.0,352688.0,322086.0,233078.0,123546.0,10056.0,0.0,0.0,112444.0,0.0,0.0,0.0,0.0,6713.0,0.0,0.0,0.0,401540.0,76855.0,368126.0,506580.0,321892.0,560378.0,313021.0,325872.0,281020.0,192219.0,277127.0,152524.0,36990.0,0.0,0.0,0.0,0.0,0.0,0.0,0.0,0.0,0.0,0.0,0.0
51167,VA,Russell,950974.0,726533.0,730047.0,716629.0,1173196.0,1112298.0,1188560.0,1168905.0,1031003.0,726205.0,881376.0,725511.0,775564.0,445844.0,755204.0,568046.0,302371.0,207964.0,45748.0,34366.0,44916.0,63289.0,42918.0,106124.0,469336.0,390135.0,487539.0,370244.0,739377.0,592756.0,138379.0,181363.0,245481.0,35651.0,184269.0,84804.0,99795.0,280081.0,348866.0,179268.0,261781.0,207964.0,45748.0,34366.0,44916.0,63289.0,42918.0,106124.0,195729.0,166422.0,67995.0,119740.0,212989.0,387907.0,934189.0,952172.0,785522.0,690554.0,697107.0,640707.0,298162.0,0.0,0.0,0.0,0.0,0.0,0.0,0.0,0.0,0.0,0.0,0.0
51185,VA,Tazewell,1626539.0,1435455.0,1293990.0,1335068.0,1237844.0,1349704.0,1165052.0,744959.0,836322.0,943236.0,1118585.0,1410408.0,1248095.0,1324602.0,728966.0,250145.0,144179.0,214540.0,223001.0,79373.0,166483.0,470157.0,806244.0,671994.0,76447.0,251602.0,247395.0,182100.0,164190.0,136029.0,53141.0,95255.0,488891.0,575177.0,662426.0,939616.0,766863.0,762470.0,375433.0,250145.0,144179.0,214540.0,221522.0,79373.0,166483.0,402357.0,615817.0,533282.0,1550092.0,1183853.0,1046595.0,1152968.0,1073654.0,1213675.0,1111911.0,649704.0,347431.0,368059.0,456159.0,470792.0,481232.0,562132.0,353533.0,0.0,0.0,0.0,1479.0,0.0,0.0,67800.0,190427.0,138712.0
51195,VA,Wise,15163908.0,14879377.0,15625180.0,15867760.0,14601435.0,13775558.0,12384614.0,11168801.0,10333517.0,10257671.0,9213826.0,5792720.0,3688097.0,2774644.0,2150835.0,1498509.0,1967146.0,1914667.0,1932398.0,843287.0,579101.0,871504.0,503885.0,406163.0,7015081.0,6453283.0,6205195.0,6973576.0,6666336.0,6458806.0,5708826.0,4691448.0,4686039.0,4704568.0,3642743.0,2854197.0,1651810.0,828266.0,988035.0,818710.0,653825.0,724225.0,1250046.0,562587.0,335039.0,535381.0,328707.0,291536.0,8148827.0,8426094.0,9419985.0,8894184.0,7935099.0,7316752.0,6675788.0,6477353.0,5647478.0,5553103.0,5571083.0,2927923.0,2036287.0,1936842.0,1162800.0,618880.0,853598.0,893621.0,659413.0,280700.0,244062.0,336123.0,175178.0,114627.0
53033,WA,King,0.0,0.0,0.0,0.0,0.0,0.0,0.0,0.0,0.0,0.0,0.0,0.0,0.0,0.0,0.0,0.0,0.0,0.0,0.0,0.0,0.0,0.0,0.0,0.0,0.0,0.0,0.0,0.0,0.0,0.0,0.0,0.0,0.0,0.0,0.0,0.0,0.0,0.0,0.0,0.0,0.0,0.0,0.0,0.0,0.0,0.0,0.0,0.0,0.0,0.0,0.0,0.0,0.0,0.0,0.0,0.0,0.0,0.0,0.0,0.0,0.0,0.0,0.0,0.0,0.0,0.0,0.0,0.0,0.0,0.0,0.0,0.0
53041,WA,Lewis,4624245.0,5827162.0,6231874.0,5653221.0,5265672.0,2579549.0,0.0,0.0,0.0,0.0,0.0,0.0,0.0,0.0,0.0,0.0,0.0,0.0,0.0,0.0,0.0,0.0,0.0,0.0,4624245.0,5827162.0,6231874.0,5653221.0,5265672.0,2579549.0,0.0,0.0,0.0,0.0,0.0,0.0,0.0,0.0,0.0,0.0,0.0,0.0,0.0,0.0,0.0,0.0,0.0,0.0,0.0,0.0,0.0,0.0,0.0,0.0,0.0,0.0,0.0,0.0,0.0,0.0,0.0,0.0,0.0,0.0,0.0,0.0,0.0,0.0,0.0,0.0,0.0,0.0
56005,WY,Campbell,329370115.0,332796375.0,333826792.0,351860042.0,360181840.0,397198643.0,402037341.0,415924096.0,383159446.0,392528314.0,389021967.0,354059807.0,343018222.0,348182934.0,328221901.0,257541621.0,276774496.0,270306824.0,243773186.0,190175623.0,208352563.0,216063701.0,211204416.0,170044887.0,329370115.0,332796375.0,333826792.0,351860042.0,360181840.0,397198643.0,402037341.0,415924096.0,383159446.0,392528314.0,389021967.0,354059807.0,343018222.0,348182934.0,328221901.0,257541621.0,276774496.0,270306824.0,243773186.0,190175623.0,208352563.0,216063701.0,211204416.0,170044887.0,0.0,0.0,0.0,0.0,0.0,0.0,0.0,0.0,0.0,0.0,0.0,0.0,0.0,0.0,0.0,0.0,0.0,0.0,0.0,0.0,0.0,0.0,0.0,0.0
56007,WY,Carbon,815439.0,714577.0,275904.0,20297.0,0.0,28212.0,120055.0,261198.0,787819.0,672.0,0.0,786.0,0.0,0.0,0.0,0.0,0.0,0.0,0.0,0.0,0.0,0.0,0.0,0.0,815439.0,714577.0,275904.0,20297.0,0.0,28212.0,120055.0,261198.0,787819.0,672.0,0.0,786.0,0.0,0.0,0.0,0.0,0.0,0.0,0.0,0.0,0.0,0.0,0.0,0.0,0.0,0.0,0.0,0.0,0.0,0.0,0.0,0.0,0.0,0.0,0.0,0.0,0.0,0.0,0.0,0.0,0.0,0.0,0.0,0.0,0.0,0.0,0.0,0.0
56009,WY,Converse,24520144.0,26808505.0,29533072.0,29682854.0,29953375.0,33879292.0,34474682.0,35777489.0,33975524.0,35908216.0,37060246.0,34316314.0,31354248.0,33646960.0,35181059.0,29793257.0,28503504.0,23155741.0,23243371.0,19809826.0,21738381.0,21656666.0,19254551.0,14984446.0,24520144.0,26808505.0,29533072.0,29682854.0,29953375.0,33879292.0,34474682.0,35777489.0,33975524.0,35908216.0,37060246.0,34316314.0,31354248.0,33646960.0,35181059.0,29793257.0,28503504.0,23155741.0,23243371.0,19809826.0,21738381.0,21656666.0,19254551.0,14984446.0,0.0,0.0,0.0,0.0,0.0,0.0,0.0,0.0,0.0,0.0,0.0,0.0,0.0,0.0,0.0,0.0,0.0,0.0,0.0,0.0,0.0,0.0,0.0,0.0
56017,WY,Hot Springs,0.0,0.0,0.0,0.0,6206.0,1086.0,443.0,168.0,12711.0,25913.0,28738.0,24040.0,26587.0,12900.0,0.0,0.0,0.0,0.0,0.0,0.0,0.0,0.0,0.0,0.0,0.0,0.0,0.0,0.0,6206.0,1086.0,443.0,168.0,12711.0,25913.0,28738.0,24040.0,26587.0,12900.0,0.0,0.0,0.0,0.0,0.0,0.0,0.0,0.0,0.0,0.0,0.0,0.0,0.0,0.0,0.0,0.0,0.0,0.0,0.0,0.0,0.0,0.0,0.0,0.0,0.0,0.0,0.0,0.0,0.0,0.0,0.0,0.0,0.0,0.0
56023,WY,Lincoln,4495264.0,4242456.0,4067346.0,4490573.0,4616597.0,4565158.0,5190147.0,4988841.0,4460896.0,4760173.0,4567225.0,4644628.0,4639135.0,4399253.0,4470864.0,4105900.0,4409354.0,4016923.0,3067446.0,2474942.0,2501445.0,2123414.0,2478586.0,2417282.0,4495264.0,4242456.0,4067346.0,4490573.0,4616597.0,4565158.0,5190147.0,4988841.0,4460896.0,4760173.0,4567225.0,4644628.0,4639135.0,4399253.0,4470864.0,4105900.0,4409354.0,4016923.0,3067446.0,2474942.0,2501445.0,2123414.0,2478586.0,2417282.0,0.0,0.0,0.0,0.0,0.0,0.0,0.0,0.0,0.0,0.0,0.0,0.0,0.0,0.0,0.0,0.0,0.0,0.0,0.0,0.0,0.0,0.0,0.0,0.0
56033,WY,Sheridan,0.0,0.0,0.0,0.0,0.0,0.0,0.0,0.0,0.0,0.0,0.0,0.0,0.0,0.0,0.0,0.0,0.0,0.0,0.0,0.0,0.0,0.0,0.0,0.0,0.0,0.0,0.0,0.0,0.0,0.0,0.0,0.0,0.0,0.0,0.0,0.0,0.0,0.0,0.0,0.0,0.0,0.0,0.0,0.0,0.0,0.0,0.0,0.0,0.0,0.0,0.0,0.0,0.0,0.0,0.0,0.0,0.0,0.0,0.0,0.0,0.0,0.0,0.0,0.0,0.0,0.0,0.0,0.0,0.0,0.0,0.0,0.0
56037,WY,Sweetwater,9548210.0,8599423.0,8566873.0,10439326.0,9560516.0,11069862.0,11745591.0,10692376.0,8710235.0,9299084.0,7995212.0,8396036.0,8885636.0,9377952.0,7898680.0,5777354.0,6767091.0,6708114.0,6827904.0,6095453.0,6180122.0,4886670.0,4323943.0,3284299.0,9548210.0,8599423.0,8566873.0,10396139.0,9150451.0,10550711.0,8923756.0,7191229.0,5238391.0,5479940.0,4952102.0,3759479.0,4443020.0,6008221.0,4808505.0,4610089.0,5051290.0,4497681.0,4634339.0,3671084.0,2985223.0,4886670.0,4323943.0,3284299.0,0.0,0.0,0.0,43187.0,410065.0,519151.0,2821835.0,3501147.0,3471844.0,3819144.0,3043110.0,4636557.0,4442616.0,3369731.0,3090175.0,1167265.0,1715801.0,2210433.0,2193565.0,2424369.0,3194899.0,0.0,0.0,0.0
56041,WY,Uinta,0.0,0.0,0.0,0.0,0.0,0.0,0.0,0.0,0.0,0.0,0.0,0.0,0.0,45100.0,0.0,0.0,0.0,0.0,0.0,0.0,0.0,0.0,0.0,0.0,0.0,0.0,0.0,0.0,0.0,0.0,0.0,0.0,0.0,0.0,0.0,0.0,0.0,45100.0,0.0,0.0,0.0,0.0,0.0,0.0,0.0,0.0,0.0,0.0,0.0,0.0,0.0,0.0,0.0,0.0,0.0,0.0,0.0,0.0,0.0,0.0,0.0,0.0,0.0,0.0,0.0,0.0,0.0,0.0,0.0,0.0,0.0,0.0
